date;heure;PA01H;GEN;GON;A1;RUR-SE;RN6;RUR_S;BOB;VITRY;AUT;RUR_N;RAMBO;BP_EST
;;microg/m3;microg/m3;microg/m3;microg/m3;microg/m3;microg/m3;microg/m3;microg/m3;microg/m3;microg/m3;microg/m3;microg/m3;microg/m3
2020-01-25;1;60;44;20;44;38;41;55;40;45;63;16;26;52
2020-01-25;2;60;45;20;54;36;50;51;34;40;68;25;32;58
2020-01-25;3;58;52;22;50;37;47;52;37;36;53;22;32;57
2020-01-25;4;54;47;18;38;37;56;59;26;38;72;19;36;53
2020-01-25;5;45;36;16;30;41;45;61;23;35;59;15;41;36
2020-01-25;6;31;25;26;19;41;53;60;29;38;40;17;33;38
2020-01-25;7;30;23;22;29;37;46;53;28;31;41;14;38;36
2020-01-25;8;34;25;24;34;42;45;48;28;25;43;18;38;45
2020-01-25;9;32;26;20;45;34;59;43;28;33;38;13;31;40
2020-01-25;10;34;30;26;37;29;60;40;36;38;42;17;30;41
2020-01-25;11;40;37;36;40;25;62;39;46;43;50;20;29;55
2020-01-25;12;45;44;35;49;26;56;30;54;52;49;24;28;61
2020-01-25;13;49;46;30;47;27;54;31;58;55;66;29;32;64
2020-01-25;14;51;52;33;53;28;58;24;66;55;67;34;33;61
2020-01-25;15;56;55;36;65;16;53;33;72;67;65;34;29;64
2020-01-25;16;63;59;38;69;29;55;33;68;64;62;34;29;79
2020-01-25;17;62;62;45;51;29;53;31;62;56;76;38;35;76
2020-01-25;18;60;59;50;60;24;58;40;63;60;81;35;47;84
2020-01-25;19;64;55;44;65;24;77;43;80;63;58;42;49;80
2020-01-25;20;62;58;53;65;30;83;38;82;72;56;36;51;87
2020-01-25;21;65;66;52;66;27;84;43;97;73;60;34;36;93
2020-01-25;22;68;69;47;67;28;62;42;124;72;84;42;31;102
2020-01-25;23;62;72;56;58;26;66;43;126;56;91;43;33;90
2020-01-25;24;57;69;54;63;34;66;39;117;59;68;42;29;100
2020-01-26;1;59;67;47;75;43;76;36;119;73;72;42;38;90
2020-01-26;2;57;65;44;71;37;64;37;87;84;62;41;33;84
2020-01-26;3;60;65;46;75;33;60;33;70;78;63;44;31;81
2020-01-26;4;72;67;44;72;34;60;26;55;76;59;49;31;83
2020-01-26;5;72;66;42;70;29;49;25;44;65;66;42;23;73
2020-01-26;6;61;64;39;56;24;48;25;42;60;63;45;30;66
2020-01-26;7;55;61;38;52;32;49;25;40;50;64;43;24;52
2020-01-26;8;50;58;36;48;28;46;19;38;41;46;38;24;55
2020-01-26;9;48;48;35;43;23;42;18;35;34;38;39;23;58
2020-01-26;10;39;31;37;40;25;41;19;35;35;32;41;20;51
2020-01-26;11;38;23;38;47;22;40;18;36;39;22;34;16;48
2020-01-26;12;39;18;31;33;16;29;15;36;32;24;20;15;46
2020-01-26;13;32;16;30;32;19;24;15;32;28;21;21;9;37
2020-01-26;14;28;16;22;20;16;26;17;35;26;26;9;12;35
2020-01-26;15;22;16;17;18;11;21;12;21;16;20;13;12;25
2020-01-26;16;19;18;18;15;11;20;15;18;17;15;16;16;23
2020-01-26;17;18;16;17;19;11;23;9;19;21;19;15;10;32
2020-01-26;18;21;18;20;28;7;29;11;19;29;21;17;10;41
2020-01-26;19;23;18;21;25;9;17;17;22;23;25;18;13;30
2020-01-26;20;23;20;23;26;10;17;16;17;24;19;15;8;31
2020-01-26;21;25;19;17;26;7;12;8;20;16;13;14;8;30
2020-01-26;22;21;14;17;16;8;10;9;17;14;11;14;10;23
2020-01-26;23;15;13;12;17;9;12;11;12;15;14;12;10;16
2020-01-26;24;13;13;12;6;8;16;10;15;12;9;10;7;13
2020-01-27;1;11;11;14;4;11;14;10;15;12;11;8;14;14
2020-01-27;2;9;10;12;3;9;13;9;10;9;10;11;8;14
2020-01-27;3;9;9;9;4;5;11;6;9;7;8;9;6;12
2020-01-27;4;9;8;8;8;7;12;6;11;8;8;9;4;12
2020-01-27;5;7;7;10;8;8;9;11;8;6;6;5;3;11
2020-01-27;6;7;6;9;8;6;10;6;n/d;7;5;0;3;11
2020-01-27;7;7;6;7;7;9;10;3;7;11;9;3;7;10
2020-01-27;8;7;4;5;4;7;9;5;7;12;6;3;8;11
2020-01-27;9;9;5;11;4;4;11;3;7;9;11;2;5;10
2020-01-27;10;10;7;9;14;5;10;n/d;n/d;9;10;1;4;8
2020-01-27;11;8;6;7;11;5;8;7;9;7;10;1;7;11
2020-01-27;12;9;6;6;10;6;15;4;13;9;12;2;4;11
2020-01-27;13;11;8;8;13;9;11;6;10;9;9;4;4;7
2020-01-27;14;12;9;10;14;5;8;9;6;8;9;5;7;10
2020-01-27;15;9;7;9;13;3;5;7;7;5;10;4;6;8
2020-01-27;16;9;6;7;10;1;5;8;6;4;10;4;6;11
2020-01-27;17;7;6;10;11;0;6;5;n/d;4;13;4;5;11
2020-01-27;18;5;8;6;6;0;7;6;n/d;4;11;2;4;13
2020-01-27;19;3;8;5;11;2;9;5;n/d;5;8;2;3;9
2020-01-27;20;6;6;5;8;4;8;3;n/d;6;6;3;4;12
2020-01-27;21;6;4;3;7;4;7;3;4;7;6;3;3;10
2020-01-27;22;6;1;6;10;3;8;6;6;7;7;5;1;7
2020-01-27;23;3;3;5;7;3;7;7;6;4;5;4;1;5
2020-01-27;24;3;4;5;4;2;4;5;6;5;4;3;3;6
2020-01-28;1;4;3;5;3;1;3;5;6;5;3;4;7;4
2020-01-28;2;2;3;4;1;3;4;4;5;3;3;5;4;3
2020-01-28;3;1;2;4;2;4;5;3;4;1;1;3;1;5
2020-01-28;4;3;3;3;11;2;4;3;2;2;3;n/d;3;4
2020-01-28;5;4;5;3;9;0;4;n/d;0;2;4;n/d;2;3
2020-01-28;6;2;2;4;7;0;5;n/d;1;2;5;n/d;4;3
2020-01-28;7;2;1;4;4;1;7;6;6;4;5;n/d;3;6
2020-01-28;8;1;3;6;8;0;8;5;5;6;6;n/d;2;8
2020-01-28;9;6;4;4;6;3;7;4;3;6;6;n/d;3;6
2020-01-28;10;4;3;2;7;3;7;5;4;3;5;n/d;4;2
2020-01-28;11;4;0;5;10;1;12;7;3;4;10;n/d;3;5
2020-01-28;12;4;2;5;8;4;8;6;4;7;10;n/d;3;5
2020-01-28;13;3;5;n/d;6;3;10;7;6;5;12;6;3;4
2020-01-28;14;3;4;5;12;2;7;8;4;4;14;8;6;8
2020-01-28;15;4;5;4;9;2;7;6;8;2;10;8;4;6
2020-01-28;16;4;5;4;13;3;10;8;6;4;10;8;5;4
2020-01-28;17;3;4;3;15;5;9;6;9;6;10;10;4;6
2020-01-28;18;4;4;4;12;7;10;3;n/d;7;10;5;7;6
2020-01-28;19;5;1;3;9;5;10;1;7;7;10;5;9;7
2020-01-28;20;7;4;3;12;3;6;3;n/d;5;9;5;6;7
2020-01-28;21;3;5;3;10;0;4;2;n/d;3;7;5;4;6
2020-01-28;22;5;3;3;14;0;7;2;6;8;6;4;6;4
2020-01-28;23;4;5;5;11;4;8;5;5;6;5;4;7;6
2020-01-28;24;5;4;4;8;3;6;3;9;6;5;2;3;7
2020-01-29;1;7;3;3;9;1;3;1;6;4;5;4;2;5
2020-01-29;2;2;4;3;5;2;2;4;5;4;7;4;3;5
2020-01-29;3;3;5;5;8;2;4;3;6;5;5;6;2;6
2020-01-29;4;1;4;4;7;4;4;1;6;7;4;6;3;7
2020-01-29;5;1;4;6;7;3;7;0;4;7;7;5;3;8
2020-01-29;6;2;2;5;14;3;7;2;3;6;16;3;2;17
2020-01-29;7;5;4;6;11;4;10;4;4;5;12;3;5;9
2020-01-29;8;4;2;6;14;5;9;3;7;4;14;5;5;7
2020-01-29;9;5;4;5;14;3;8;6;6;8;10;n/d;4;7
2020-01-29;10;6;4;5;15;5;13;6;7;10;13;n/d;4;8
2020-01-29;11;4;4;3;15;4;12;3;7;7;17;n/d;4;8
2020-01-29;12;4;5;n/d;17;3;7;n/d;7;7;20;6;5;9
2020-01-29;13;6;7;n/d;14;2;8;7;7;6;15;7;5;8
2020-01-29;14;6;7;n/d;11;1;11;3;8;8;12;9;7;11
2020-01-29;15;4;6;5;16;2;13;4;9;6;12;7;7;10
2020-01-29;16;5;5;7;14;2;11;3;6;3;10;6;6;10
2020-01-29;17;4;4;9;19;2;15;6;5;7;14;5;8;7
2020-01-29;18;6;6;7;14;6;11;6;7;8;12;2;7;7
2020-01-29;19;6;6;8;17;5;17;8;7;16;14;7;n/d;12
2020-01-29;20;8;7;11;14;6;16;4;11;14;16;8;10;19
2020-01-29;21;10;8;13;14;5;13;3;14;19;14;8;8;17
2020-01-29;22;11;6;10;9;6;18;7;12;14;13;8;10;25
2020-01-29;23;13;8;9;21;7;11;11;16;13;9;9;6;20
2020-01-29;24;12;7;11;14;6;15;9;18;14;7;11;6;21
2020-01-30;1;11;9;13;12;9;20;11;13;11;12;10;6;20
2020-01-30;2;11;7;9;10;8;10;8;14;14;8;9;6;17
2020-01-30;3;11;7;11;13;7;13;5;17;12;10;8;7;20
2020-01-30;4;11;9;11;16;4;10;4;8;9;10;11;6;13
2020-01-30;5;9;10;10;16;4;14;5;10;6;11;9;4;17
2020-01-30;6;7;8;8;19;5;11;9;10;4;11;10;5;15
2020-01-30;7;8;8;6;16;2;12;6;14;10;9;6;4;20
2020-01-30;8;9;7;5;19;1;16;3;10;10;9;8;5;14
2020-01-30;9;9;8;10;12;2;13;4;10;8;12;9;5;16
2020-01-30;10;9;8;10;18;3;10;4;7;7;11;7;3;17
2020-01-30;11;7;8;10;11;2;10;7;6;8;7;7;4;16
2020-01-30;12;9;6;6;11;0;5;5;n/d;7;5;6;3;18
2020-01-30;13;11;9;6;14;0;6;3;7;7;5;5;1;14
2020-01-30;14;11;6;5;13;2;14;2;6;5;5;5;3;12
2020-01-30;15;8;4;6;10;3;9;1;8;2;5;4;2;13
2020-01-30;16;6;3;5;13;4;6;0;8;2;4;3;5;9
2020-01-30;17;4;4;3;11;1;7;2;5;5;10;3;5;9
2020-01-30;18;4;3;3;6;1;8;2;4;n/d;8;2;3;8
2020-01-30;19;3;3;2;8;3;11;3;n/d;6;8;1;3;8
2020-01-30;20;5;4;4;10;2;8;n/d;5;4;6;3;7;6
2020-01-30;21;8;4;4;10;2;8;n/d;7;4;10;4;n/d;7
2020-01-30;22;7;3;5;17;1;7;n/d;7;3;6;3;n/d;6
2020-01-30;23;4;3;5;11;1;4;2;3;2;6;1;2;5
2020-01-30;24;3;2;4;10;3;8;0;1;n/d;4;0;3;6
2020-01-31;1;2;n/d;2;7;4;5;n/d;3;n/d;2;1;5;5
2020-01-31;2;2;1;1;4;1;4;n/d;5;n/d;5;2;2;5
2020-01-31;3;1;n/d;1;8;0;4;n/d;3;3;7;3;1;5
2020-01-31;4;1;n/d;2;10;0;0;n/d;2;3;4;4;5;6
2020-01-31;5;1;n/d;4;7;0;0;n/d;3;2;6;2;4;5
2020-01-31;6;1;n/d;4;15;3;4;n/d;2;2;9;1;2;7
2020-01-31;7;2;n/d;2;10;1;4;n/d;3;3;16;3;3;9
2020-01-31;8;2;2;2;17;0;6;n/d;4;4;12;3;4;8
2020-01-31;9;2;3;5;10;3;8;0;4;4;8;4;1;6
2020-01-31;10;1;2;2;9;6;8;0;5;2;8;2;1;6
2020-01-31;11;2;3;1;13;3;7;0;5;0;11;2;2;7
2020-01-31;12;3;2;3;13;0;6;0;4;3;8;2;7;6
2020-01-31;13;6;n/d;2;14;0;7;0;7;5;5;1;6;6
2020-01-31;14;6;1;2;10;0;7;0;8;6;3;2;5;9
2020-01-31;15;6;1;5;13;0;5;0;7;4;4;2;3;6
2020-01-31;16;4;1;6;12;0;7;1;4;3;5;3;1;8
2020-01-31;17;3;2;3;8;1;7;0;3;7;5;4;2;15
2020-01-31;18;5;4;3;6;5;8;2;3;6;5;2;5;10
2020-01-31;19;5;3;3;5;5;9;2;7;5;14;2;3;8
2020-01-31;20;7;4;1;8;3;13;2;7;4;9;4;1;6
2020-01-31;21;8;3;1;16;4;12;2;4;2;9;3;1;7
2020-01-31;22;9;5;2;1;1;7;0;1;n/d;8;2;4;7
2020-01-31;23;7;4;3;3;1;3;2;0;n/d;5;0;4;7
2020-01-31;24;5;3;3;6;1;4;1;0;n/d;6;0;1;6
2020-02-01;1;3;n/d;4;5;0;6;2;n/d;n/d;5;2;3;6
2020-02-01;2;2;1;2;1;0;3;4;n/d;n/d;5;2;4;4
2020-02-01;3;3;0;3;0;0;5;1;n/d;n/d;4;0;4;4
2020-02-01;4;2;n/d;6;3;0;4;0;n/d;2;2;0;n/d;4
2020-02-01;5;3;1;4;7;3;1;0;n/d;4;3;0;n/d;7
2020-02-01;6;3;2;2;7;3;1;2;3;3;6;2;1;7
2020-02-01;7;4;1;4;6;0;4;1;3;2;4;4;0;5
2020-02-01;8;3;3;3;5;1;5;1;n/d;2;6;1;2;6
2020-02-01;9;2;3;4;9;2;3;3;n/d;1;7;1;5;7
2020-02-01;10;1;2;6;10;2;4;4;n/d;n/d;10;3;3;4
2020-02-01;11;5;4;6;14;3;5;3;n/d;5;11;2;4;5
2020-02-01;12;2;4;5;13;1;8;5;n/d;3;8;3;5;4
2020-02-01;13;2;3;6;18;0;10;n/d;n/d;4;11;3;5;6
2020-02-01;14;4;5;6;16;3;8;5;4;5;10;3;6;5
2020-02-01;15;7;4;6;10;1;5;5;7;6;21;7;5;11
2020-02-01;16;6;5;5;10;0;12;5;7;5;8;11;4;10
2020-02-01;17;4;4;4;16;1;10;3;8;3;6;7;5;7
2020-02-01;18;4;6;5;11;4;8;5;7;5;11;5;6;9
2020-02-01;19;8;6;6;12;2;10;5;8;5;14;5;8;9
2020-02-01;20;9;5;5;21;6;7;4;8;5;14;5;n/d;7
2020-02-01;21;6;4;6;14;5;5;5;6;6;16;5;8;3
2020-02-01;22;6;5;6;17;5;10;5;4;5;9;4;5;6
2020-02-01;23;5;4;4;17;4;10;3;3;5;8;5;3;7
2020-02-01;24;5;4;4;10;1;7;6;4;5;8;6;4;10
2020-02-02;1;3;5;4;8;3;9;6;4;7;6;3;6;7
2020-02-02;2;4;4;6;8;5;7;5;6;6;4;4;7;9
2020-02-02;3;5;4;5;3;0;5;n/d;4;4;6;3;4;9
2020-02-02;4;3;4;3;1;0;3;n/d;5;4;3;2;1;6
2020-02-02;5;1;1;1;3;0;0;n/d;3;n/d;2;1;0;5
2020-02-02;6;0;0;1;4;0;0;n/d;n/d;n/d;4;0;4;5
2020-02-02;7;0;1;2;3;0;3;0;n/d;n/d;2;0;3;4
2020-02-02;8;1;1;1;3;2;5;0;n/d;2;3;0;3;5
2020-02-02;9;1;0;1;4;2;4;2;n/d;0;4;0;5;4
2020-02-02;10;0;0;3;8;0;4;2;0;3;8;1;4;3
2020-02-02;11;0;0;1;13;4;3;4;n/d;3;6;2;3;3
2020-02-02;12;2;2;2;19;5;4;4;n/d;2;4;2;3;6
2020-02-02;13;2;2;4;15;1;7;4;n/d;4;8;4;5;3
2020-02-02;14;n/d;2;9;11;0;9;2;n/d;3;10;2;4;5
2020-02-02;15;n/d;1;6;8;1;6;3;n/d;4;7;3;1;6
2020-02-02;16;2;3;4;12;0;6;3;n/d;3;9;4;3;6
2020-02-02;17;3;3;4;9;0;8;2;n/d;1;16;4;5;9
2020-02-02;18;4;3;3;7;2;7;3;4;4;11;4;3;10
2020-02-02;19;5;7;2;16;2;8;1;5;5;10;3;2;11
2020-02-02;20;7;7;0;12;3;6;0;n/d;6;11;2;2;9
2020-02-02;21;10;4;0;12;2;3;0;7;7;8;0;3;10
2020-02-02;22;5;3;2;31;3;5;0;2;5;9;1;2;6
2020-02-02;23;2;3;4;15;3;6;1;2;4;6;4;1;4
2020-02-02;24;1;4;5;9;14;7;7;n/d;n/d;7;3;2;2
2020-02-03;1;0;4;3;5;9;7;10;n/d;n/d;7;4;0;0
2020-02-03;2;n/d;2;2;3;6;7;10;n/d;n/d;5;3;0;8
2020-02-03;3;n/d;2;2;2;5;4;7;n/d;n/d;4;0;1;5
2020-02-03;4;0;n/d;2;2;6;5;7;2;n/d;2;3;2;3
2020-02-03;5;0;n/d;4;10;5;6;5;4;n/d;8;3;2;4
2020-02-03;6;1;n/d;4;10;4;3;3;5;2;11;0;0;5
2020-02-03;7;1;2;4;10;0;4;3;n/d;6;9;2;1;6
2020-02-03;8;4;2;3;14;0;8;2;6;5;10;5;4;8
2020-02-03;9;5;0;4;16;0;11;2;5;4;10;4;3;8
2020-02-03;10;6;4;6;12;0;8;n/d;8;3;12;5;1;8
2020-02-03;11;5;4;7;13;2;11;n/d;9;3;10;6;1;9
2020-02-03;12;0;5;6;20;2;10;1;5;3;11;4;1;5
2020-02-03;13;1;1;9;16;0;5;5;7;3;12;3;1;8
2020-02-03;14;5;2;8;13;0;8;n/d;7;5;9;3;0;10
2020-02-03;15;6;5;6;12;3;7;5;8;4;7;4;3;8
2020-02-03;16;5;4;6;10;2;7;5;8;6;8;5;6;13
2020-02-03;17;8;4;4;7;4;13;10;6;7;6;4;6;14
2020-02-03;18;8;7;5;6;8;15;8;8;9;6;4;6;15
2020-02-03;19;11;5;9;10;10;18;10;16;12;13;10;11;14
2020-02-03;20;16;10;9;13;8;16;12;11;12;13;10;11;16
2020-02-03;21;10;9;9;8;10;14;9;10;9;9;7;8;9
2020-02-03;22;5;1;4;7;7;7;n/d;6;n/d;7;5;n/d;n/d
2020-02-03;23;1;n/d;1;6;3;n/d;n/d;2;n/d;6;3;3;n/d
2020-02-03;24;n/d;n/d;3;2;1;n/d;n/d;3;2;6;3;3;n/d
2020-02-04;1;0;1;4;0;2;n/d;n/d;3;4;5;3;2;n/d
2020-02-04;2;1;3;4;1;1;2;n/d;2;4;5;3;3;n/d
2020-02-04;3;2;5;5;5;0;5;4;4;6;5;7;3;6
2020-02-04;4;2;5;7;4;2;7;4;4;5;4;6;3;3
2020-02-04;5;2;7;4;9;3;9;6;5;7;8;4;4;5
2020-02-04;6;2;5;2;12;2;10;4;6;6;12;3;6;6
2020-02-04;7;2;4;5;13;2;10;5;8;6;13;6;5;10
2020-02-04;8;3;4;4;10;2;9;6;8;5;9;4;3;11
2020-02-04;9;4;2;4;14;2;10;4;5;6;11;0;6;7
2020-02-04;10;n/d;5;3;12;4;11;3;5;6;10;2;5;5
2020-02-04;11;n/d;4;2;16;4;8;3;6;8;12;3;1;9
2020-02-04;12;n/d;5;1;8;2;5;4;8;7;12;5;1;n/d
2020-02-04;13;n/d;6;2;10;1;8;3;8;6;13;7;4;20
2020-02-04;14;n/d;5;4;9;2;8;8;6;7;11;5;4;13
2020-02-04;15;n/d;5;8;11;2;6;7;5;7;9;4;3;11
2020-02-04;16;n/d;7;7;10;4;7;5;4;7;14;5;4;n/d
2020-02-04;17;n/d;8;5;15;9;8;5;7;9;10;7;4;11
2020-02-04;18;n/d;7;7;13;6;9;6;10;9;16;7;5;7
2020-02-04;19;n/d;7;8;15;6;11;4;14;12;10;4;5;11
2020-02-04;20;n/d;8;6;7;7;8;2;10;10;17;2;7;12
2020-02-04;21;n/d;9;7;15;5;14;6;13;8;14;5;7;14
2020-02-04;22;n/d;7;8;6;7;12;7;11;8;15;9;7;13
2020-02-04;23;n/d;9;7;9;7;14;5;12;8;11;8;9;11
2020-02-04;24;n/d;8;8;9;7;10;7;11;10;11;6;8;8
2020-02-05;1;n/d;8;7;5;4;16;6;9;12;7;7;8;n/d
2020-02-05;2;n/d;6;6;2;7;7;7;5;8;5;4;7;7
2020-02-05;3;n/d;4;3;3;6;4;7;5;n/d;7;3;n/d;4
2020-02-05;4;n/d;3;2;2;7;3;6;5;4;10;3;5;4
2020-02-05;5;n/d;3;4;2;6;4;4;7;2;11;6;7;8
2020-02-05;6;n/d;5;5;8;3;4;4;6;5;15;6;6;9
2020-02-05;7;n/d;6;5;13;4;5;6;6;6;14;6;6;8
2020-02-05;8;n/d;6;5;9;2;12;5;5;6;18;6;6;6
2020-02-05;9;n/d;8;7;6;2;17;7;7;7;12;5;n/d;10
2020-02-05;10;n/d;8;9;11;2;11;7;10;6;18;7;n/d;15
2020-02-05;11;n/d;8;8;11;11;13;6;7;8;16;6;n/d;15
2020-02-05;12;n/d;7;7;11;9;10;5;8;6;18;7;4;11
2020-02-05;13;n/d;6;6;11;8;9;7;5;7;17;5;4;13
2020-02-05;14;n/d;4;5;11;5;10;n/d;7;7;14;1;3;15
2020-02-05;15;n/d;4;2;10;4;12;n/d;6;6;14;1;2;14
2020-02-05;16;n/d;6;3;11;6;11;6;4;6;15;4;3;16
2020-02-05;17;n/d;7;8;13;5;12;7;10;6;14;5;7;11
2020-02-05;18;n/d;7;8;12;6;23;6;10;10;13;6;10;18
2020-02-05;19;n/d;9;9;11;4;23;4;11;11;13;5;16;21
2020-02-05;20;n/d;11;7;15;2;26;7;19;10;9;12;16;31
2020-02-05;21;n/d;17;9;18;3;16;6;22;15;11;10;9;35
2020-02-05;22;n/d;19;12;15;4;28;4;24;20;14;8;8;22
2020-02-05;23;n/d;14;17;15;4;23;5;18;20;14;8;10;15
2020-02-05;24;n/d;10;22;13;2;16;6;15;18;12;15;11;n/d
2020-02-06;1;n/d;10;14;13;1;15;10;16;14;16;15;12;18
2020-02-06;2;n/d;21;17;21;3;17;n/d;21;10;8;12;12;11
2020-02-06;3;n/d;22;13;14;4;15;9;20;12;8;10;11;12
2020-02-06;4;n/d;19;10;15;5;10;6;20;14;13;11;10;10
2020-02-06;5;n/d;17;10;18;5;10;7;21;11;18;10;6;19
2020-02-06;6;n/d;16;18;19;6;13;9;18;10;22;10;7;22
2020-02-06;7;n/d;15;16;21;4;16;10;16;16;22;10;8;24
2020-02-06;8;n/d;15;12;24;4;16;8;16;18;17;11;16;19
2020-02-06;9;n/d;18;13;21;2;13;9;15;19;23;11;14;18
2020-02-06;10;n/d;20;14;25;4;15;16;15;14;25;7;11;17
2020-02-06;11;n/d;19;10;16;6;18;9;22;16;14;10;12;19
2020-02-06;12;n/d;16;6;11;3;15;8;6;8;20;8;8;17
2020-02-06;13;n/d;13;3;11;1;13;5;9;4;21;6;5;15
2020-02-06;14;n/d;9;5;9;1;9;4;9;4;20;5;4;10
2020-02-06;15;10;7;5;10;0;6;4;8;7;20;6;2;15
2020-02-06;16;7;9;7;10;2;15;2;7;8;17;6;5;14
2020-02-06;17;9;9;7;13;3;7;3;9;10;21;5;7;20
2020-02-06;18;11;10;10;15;4;11;7;14;16;14;5;9;22
2020-02-06;19;12;12;15;20;4;15;7;16;25;16;7;11;26
2020-02-06;20;15;14;13;18;7;14;6;13;24;23;13;8;24
2020-02-06;21;21;11;13;17;7;22;9;15;24;22;11;6;23
2020-02-06;22;18;16;12;21;6;22;11;21;16;22;10;7;23
2020-02-06;23;15;17;10;13;10;16;10;24;19;22;12;9;22
2020-02-06;24;13;15;9;15;9;17;n/d;20;21;19;10;n/d;19
2020-02-07;1;13;16;11;12;10;19;13;19;10;12;10;9;16
2020-02-07;2;10;18;16;11;9;19;9;15;9;9;9;10;15
2020-02-07;3;10;20;7;11;8;20;n/d;10;7;13;12;8;14
2020-02-07;4;10;14;7;16;8;16;11;11;9;9;10;7;18
2020-02-07;5;8;12;10;14;7;18;10;9;9;9;10;8;16
2020-02-07;6;8;13;9;12;8;18;8;8;14;11;11;7;18
2020-02-07;7;15;15;12;14;6;20;6;13;14;11;11;8;22
2020-02-07;8;n/d;16;14;22;5;19;6;19;18;17;12;6;18
2020-02-07;9;14;14;17;22;9;23;8;15;11;18;11;8;23
2020-02-07;10;14;14;12;26;7;20;8;13;17;19;13;13;22
2020-02-07;11;16;15;16;23;4;17;11;15;15;23;14;9;24
2020-02-07;12;17;19;11;20;6;13;11;12;14;18;12;13;23
2020-02-07;13;16;18;12;16;14;15;10;12;11;19;9;12;21
2020-02-07;14;15;17;11;18;10;11;11;12;14;13;27;10;24
2020-02-07;15;14;14;10;14;6;12;9;12;10;13;6;11;21
2020-02-07;16;14;14;9;24;7;17;12;13;11;16;13;13;20
2020-02-07;17;14;13;13;21;12;14;8;11;18;23;13;11;22
2020-02-07;18;14;11;15;18;11;19;11;13;13;14;18;12;25
2020-02-07;19;19;14;20;18;11;35;11;19;11;18;16;18;31
2020-02-07;20;23;15;21;25;9;29;9;20;18;16;16;8;31
2020-02-07;21;27;14;24;37;8;26;12;18;22;17;20;15;36
2020-02-07;22;26;16;26;29;11;31;n/d;27;21;21;22;9;29
2020-02-07;23;25;20;19;23;12;30;11;21;16;17;27;8;26
2020-02-07;24;21;20;16;23;11;29;11;22;21;16;21;10;26
2020-02-08;1;20;17;16;22;14;16;14;16;15;16;19;14;23
2020-02-08;2;18;16;21;19;9;13;14;16;15;16;19;10;21
2020-02-08;3;14;15;17;20;13;17;8;15;16;14;15;10;22
2020-02-08;4;12;16;12;13;11;13;9;11;16;14;11;12;15
2020-02-08;5;13;14;12;20;10;13;9;16;10;16;14;10;21
2020-02-08;6;11;12;13;17;12;12;9;11;10;13;15;9;24
2020-02-08;7;12;12;9;16;9;13;13;10;12;14;13;11;21
2020-02-08;8;12;12;13;16;6;14;11;13;12;12;9;n/d;24
2020-02-08;9;12;10;11;12;4;16;9;12;10;19;11;10;22
2020-02-08;10;13;10;13;20;4;16;9;17;11;18;9;8;24
2020-02-08;11;14;11;15;19;5;14;8;12;13;16;13;8;14
2020-02-08;12;14;11;12;12;6;15;8;11;12;17;11;7;11
2020-02-08;13;14;10;9;20;6;13;5;12;10;17;9;6;13
2020-02-08;14;12;10;9;18;5;16;6;9;13;17;11;9;17
2020-02-08;15;12;10;11;13;8;17;n/d;10;18;14;10;9;17
2020-02-08;16;12;9;11;17;7;25;9;11;n/d;18;7;11;13
2020-02-08;17;14;10;10;17;8;16;6;11;13;12;9;11;20
2020-02-08;18;17;12;14;17;10;20;6;15;16;17;14;10;19
2020-02-08;19;17;12;16;18;9;15;7;12;17;25;10;11;18
2020-02-08;20;17;10;15;16;11;19;8;14;n/d;13;10;12;26
2020-02-08;21;16;9;10;14;7;18;n/d;15;n/d;15;15;n/d;25
2020-02-08;22;15;10;11;18;8;18;8;n/d;17;13;11;8;24
2020-02-08;23;17;11;12;20;9;13;10;18;n/d;20;9;4;25
2020-02-08;24;18;11;15;24;11;15;12;14;14;13;8;7;17
2020-02-09;1;17;12;16;17;10;n/d;10;n/d;14;14;7;8;19
2020-02-09;2;14;13;9;9;9;n/d;11;13;n/d;11;6;8;15
2020-02-09;3;13;14;9;9;10;12;9;14;11;9;9;8;11
2020-02-09;4;10;12;6;12;7;13;9;10;9;11;7;5;10
2020-02-09;5;7;8;n/d;10;7;9;7;8;8;9;5;3;13
2020-02-09;6;7;9;n/d;6;6;8;6;7;5;8;5;4;10
2020-02-09;7;6;5;8;3;4;n/d;8;9;6;6;5;4;8
2020-02-09;8;4;5;6;12;3;9;9;8;6;7;4;6;7
2020-02-09;9;6;6;6;8;8;5;7;5;4;5;4;5;5
2020-02-09;10;3;4;5;6;6;9;5;5;5;6;3;4;8
2020-02-09;11;2;4;7;6;3;9;6;6;9;9;3;0;8
2020-02-09;12;6;4;5;5;1;7;5;6;6;7;5;4;6
2020-02-09;13;6;5;3;7;3;8;n/d;6;5;3;n/d;5;8
2020-02-09;14;4;4;5;7;5;10;n/d;7;10;7;n/d;5;7
2020-02-09;15;7;8;9;7;5;12;n/d;6;7;7;n/d;4;4
2020-02-09;16;5;5;8;6;4;10;n/d;4;9;7;n/d;3;7
2020-02-09;17;n/d;n/d;4;6;3;5;n/d;n/d;n/d;5;n/d;3;7
2020-02-09;18;n/d;n/d;4;4;2;5;n/d;n/d;n/d;9;n/d;2;6
2020-02-09;19;1;n/d;2;4;1;8;n/d;3;n/d;5;n/d;1;5
2020-02-09;20;3;0;0;4;2;8;n/d;n/d;3;4;n/d;0;n/d
2020-02-09;21;4;n/d;4;7;2;7;n/d;n/d;1;6;n/d;0;n/d
2020-02-09;22;1;n/d;3;4;0;n/d;n/d;n/d;1;3;n/d;1;n/d
2020-02-09;23;n/d;1;2;1;n/d;n/d;n/d;n/d;1;6;n/d;2;n/d
2020-02-09;24;2;3;6;2;n/d;n/d;n/d;n/d;3;6;n/d;1;n/d
2020-02-10;1;4;2;6;3;0;n/d;n/d;4;4;4;n/d;2;5
2020-02-10;2;7;4;4;4;1;8;n/d;6;5;8;n/d;7;8
2020-02-10;3;8;6;5;11;10;11;n/d;12;10;10;n/d;16;17
2020-02-10;4;12;7;10;8;16;21;n/d;11;12;9;n/d;16;9
2020-02-10;5;8;6;7;12;10;9;n/d;10;9;8;n/d;10;7
2020-02-10;6;6;5;7;15;6;10;n/d;11;11;13;n/d;8;9
2020-02-10;7;8;8;6;10;10;11;13;10;10;12;9;9;7
2020-02-10;8;2;5;7;12;11;13;11;9;8;18;6;8;10
2020-02-10;9;7;6;12;14;9;15;12;14;10;15;8;9;13
2020-02-10;10;10;12;12;21;7;11;10;13;10;14;13;10;14
2020-02-10;11;10;11;11;30;11;19;12;15;11;14;11;11;10
2020-02-10;12;11;11;13;22;13;18;16;17;12;13;16;9;18
2020-02-10;13;12;10;11;18;9;16;15;15;12;15;11;7;16
2020-02-10;14;6;8;7;13;9;10;12;12;12;16;14;8;12
2020-02-10;15;8;5;5;10;9;19;8;10;8;11;11;10;12
2020-02-10;16;11;11;9;14;10;19;15;10;9;11;8;13;9
2020-02-10;17;16;9;8;11;16;17;15;13;12;9;5;12;17
2020-02-10;18;12;9;7;13;11;15;15;13;13;16;1;13;14
2020-02-10;19;10;9;12;11;8;17;15;13;12;16;0;11;16
2020-02-10;20;8;7;9;12;11;13;14;11;11;12;5;13;9
2020-02-10;21;0;1;3;13;10;12;n/d;6;n/d;10;4;n/d;6
2020-02-10;22;1;1;1;11;5;11;n/d;4;5;8;8;7;4
2020-02-10;23;3;3;3;7;1;6;n/d;5;8;7;7;5;8
2020-02-10;24;5;5;8;7;4;5;3;5;8;7;10;3;9
2020-02-11;1;6;6;9;6;5;6;3;5;6;6;6;4;8
2020-02-11;2;5;3;5;5;8;6;6;5;2;5;7;2;4
2020-02-11;3;4;2;2;5;7;6;8;5;2;2;4;1;2
2020-02-11;4;4;2;5;4;6;8;7;4;4;2;0;5;3
2020-02-11;5;3;3;6;6;6;8;9;n/d;3;7;0;6;8
2020-02-11;6;6;3;5;11;11;11;8;n/d;7;8;3;4;7
2020-02-11;7;3;2;4;11;7;11;5;4;6;12;5;6;7
2020-02-11;8;2;3;4;11;6;12;4;4;8;10;5;5;6
2020-02-11;9;5;4;4;11;6;10;4;4;5;13;4;4;8
2020-02-11;10;5;5;6;10;4;8;3;9;7;13;4;6;8
2020-02-11;11;4;6;4;11;3;7;6;8;8;10;5;5;8
2020-02-11;12;6;5;5;18;4;12;7;7;9;8;4;4;8
2020-02-11;13;7;6;4;7;7;8;5;7;9;n/d;5;2;7
2020-02-11;14;7;8;4;14;5;5;3;8;7;n/d;6;5;6
2020-02-11;15;4;5;4;10;3;6;7;7;6;n/d;9;3;7
2020-02-11;16;0;4;4;11;6;7;n/d;7;6;9;6;2;8
2020-02-11;17;3;4;3;11;3;n/d;n/d;6;5;9;3;4;7
2020-02-11;18;3;2;6;11;0;8;4;5;6;6;3;5;n/d
2020-02-11;19;4;1;9;12;3;9;3;5;4;6;1;6;n/d
2020-02-11;20;6;4;8;21;2;10;6;5;5;7;2;7;7
2020-02-11;21;7;6;5;12;1;10;5;5;9;8;5;4;8
2020-02-11;22;7;6;7;12;1;7;2;6;7;6;4;3;8
2020-02-11;23;5;6;7;12;6;8;1;5;5;10;3;6;5
2020-02-11;24;5;5;6;8;6;5;2;8;4;7;5;6;4
2020-02-12;1;4;5;6;7;5;6;6;8;4;8;5;3;5
2020-02-12;2;4;3;5;3;6;8;6;6;5;6;7;3;9
2020-02-12;3;4;4;6;1;5;12;5;8;7;7;7;3;7
2020-02-12;4;5;4;5;6;5;9;4;7;7;6;7;2;9
2020-02-12;5;6;5;5;8;5;8;2;6;6;12;5;4;10
2020-02-12;6;6;6;5;13;5;10;2;8;7;12;3;7;8
2020-02-12;7;5;4;3;11;4;12;3;9;7;10;2;7;8
2020-02-12;8;6;4;4;10;2;12;3;10;8;8;6;5;9
2020-02-12;9;5;4;7;8;3;11;2;8;13;9;7;4;7
2020-02-12;10;4;5;4;14;2;12;4;9;8;11;5;3;6
2020-02-12;11;5;3;4;10;3;10;3;6;7;14;2;3;6
2020-02-12;12;5;5;5;11;4;n/d;7;7;4;13;2;3;5
2020-02-12;13;6;4;4;14;8;n/d;5;8;5;11;3;3;5
2020-02-12;14;4;4;3;15;7;n/d;3;5;5;8;4;3;3
2020-02-12;15;4;3;4;15;7;12;3;4;4;10;4;1;7
2020-02-12;16;5;4;6;16;3;6;3;5;4;14;7;2;10
2020-02-12;17;4;4;7;23;2;11;4;7;4;16;4;5;11
2020-02-12;18;4;4;9;20;4;13;4;9;5;18;5;8;18
2020-02-12;19;8;5;16;9;6;18;4;15;10;14;8;8;16
2020-02-12;20;11;7;12;10;4;11;7;13;12;15;10;10;22
2020-02-12;21;n/d;7;14;15;2;17;10;10;17;9;11;8;28
2020-02-12;22;n/d;6;14;16;5;17;8;14;17;8;11;6;21
2020-02-12;23;n/d;7;15;20;9;11;8;10;9;10;8;6;17
2020-02-12;24;n/d;9;10;8;8;9;8;7;10;9;7;6;11
2020-02-13;1;n/d;8;8;7;5;12;5;8;8;8;8;6;9
2020-02-13;2;n/d;7;7;5;1;7;2;6;5;9;10;5;12
2020-02-13;3;n/d;6;18;8;0;3;3;4;3;7;9;2;9
2020-02-13;4;n/d;4;6;6;3;7;8;7;6;4;8;6;9
2020-02-13;5;n/d;3;2;4;4;6;5;9;7;4;6;4;11
2020-02-13;6;n/d;4;3;9;2;8;2;8;7;8;5;6;13
2020-02-13;7;n/d;3;5;7;3;6;3;5;6;9;5;6;12
2020-02-13;8;6;4;5;6;2;4;2;3;6;7;3;6;6
2020-02-13;9;1;3;6;6;3;4;3;2;6;5;3;4;9
2020-02-13;10;2;6;6;20;8;6;2;8;5;7;6;2;9
2020-02-13;11;1;3;6;18;7;10;3;9;7;12;8;8;8
2020-02-13;12;12;8;9;14;3;10;4;16;11;15;13;9;13
2020-02-13;13;16;11;16;16;7;11;7;12;11;13;12;7;10
2020-02-13;14;9;8;8;13;11;12;9;12;10;10;18;8;11
2020-02-13;15;10;10;11;11;11;9;n/d;10;8;13;12;12;15
2020-02-13;16;9;7;9;11;9;14;n/d;10;7;9;n/d;7;11
2020-02-13;17;n/d;7;7;13;5;11;n/d;9;6;11;8;4;7
2020-02-13;18;n/d;5;7;11;4;9;3;8;9;11;7;4;9
2020-02-13;19;n/d;6;6;10;4;8;7;10;8;13;7;6;10
2020-02-13;20;n/d;7;5;13;3;7;7;10;7;11;7;5;6
2020-02-13;21;9;7;7;16;6;8;5;6;10;8;7;7;8
2020-02-13;22;6;8;7;10;4;9;6;9;8;14;5;7;7
2020-02-13;23;9;7;6;10;4;7;7;13;8;14;2;8;8
2020-02-13;24;4;7;7;10;6;6;5;11;8;12;7;8;11
2020-02-14;1;1;6;7;10;4;5;5;8;10;10;7;11;11
2020-02-14;2;5;6;6;8;4;9;5;7;6;9;7;8;9
2020-02-14;3;6;6;7;9;5;9;4;7;6;6;8;5;11
2020-02-14;4;6;6;6;12;4;10;3;9;7;9;9;6;13
2020-02-14;5;5;6;9;12;3;10;5;13;7;12;10;7;11
2020-02-14;6;7;7;7;19;5;14;6;15;6;18;7;6;10
2020-02-14;7;6;9;7;18;4;9;4;10;8;16;7;4;11
2020-02-14;8;9;7;10;19;5;9;7;11;7;12;8;3;11
2020-02-14;9;9;9;11;15;6;9;6;11;5;17;9;3;12
2020-02-14;10;9;7;9;13;7;10;6;9;5;11;8;4;13
2020-02-14;11;7;7;9;11;6;14;6;8;8;15;7;4;13
2020-02-14;12;7;7;8;11;7;13;9;9;10;13;7;4;10
2020-02-14;13;8;7;8;10;4;14;6;11;10;16;5;6;9
2020-02-14;14;9;7;8;11;3;14;3;7;7;10;5;7;16
2020-02-14;15;8;6;8;12;4;10;4;7;7;15;6;6;11
2020-02-14;16;9;6;7;11;5;13;6;11;9;14;6;8;15
2020-02-14;17;10;7;6;8;5;13;7;10;6;16;8;9;12
2020-02-14;18;10;8;7;13;4;21;8;9;10;13;7;12;14
2020-02-14;19;13;8;7;12;6;17;10;10;13;11;10;12;27
2020-02-14;20;15;9;9;14;6;20;10;12;12;16;9;13;26
2020-02-14;21;17;10;16;16;5;16;10;9;12;12;11;11;26
2020-02-14;22;17;11;10;22;3;17;8;11;11;14;12;9;21
2020-02-14;23;16;12;16;12;4;10;6;13;14;11;17;8;20
2020-02-14;24;15;13;13;20;8;10;6;16;12;15;13;7;19
2020-02-15;1;12;11;12;13;5;15;10;15;11;6;15;7;19
2020-02-15;2;13;11;10;12;4;12;6;14;13;12;10;7;14
2020-02-15;3;11;12;9;12;8;10;6;12;13;12;10;8;14
2020-02-15;4;7;10;14;13;6;13;8;11;12;10;11;7;15
2020-02-15;5;8;9;10;15;7;9;7;12;12;10;8;7;17
2020-02-15;6;10;9;8;12;6;9;9;10;8;11;6;6;23
2020-02-15;7;8;7;9;18;5;8;9;11;8;13;6;4;18
2020-02-15;8;9;7;8;21;7;14;9;9;11;10;10;4;18
2020-02-15;9;4;8;11;12;6;13;9;14;9;15;11;7;18
2020-02-15;10;9;9;11;12;9;11;6;16;11;12;7;9;19
2020-02-15;11;19;8;10;16;16;18;8;13;14;7;4;5;14
2020-02-15;12;17;8;9;17;11;11;9;11;13;10;5;6;16
2020-02-15;13;11;7;7;8;11;12;7;10;8;11;5;5;20
2020-02-15;14;12;8;14;9;13;18;10;13;10;9;4;6;20
2020-02-15;15;11;8;8;16;12;12;10;10;14;5;4;8;15
2020-02-15;16;12;9;8;12;9;15;7;13;12;18;7;9;18
2020-02-15;17;11;7;11;15;9;14;12;13;14;13;6;12;19
2020-02-15;18;16;7;11;10;10;15;10;10;14;14;7;11;14
2020-02-15;19;14;7;9;14;9;25;10;11;12;13;7;8;18
2020-02-15;20;10;11;9;11;8;13;8;13;12;9;6;7;17
2020-02-15;21;14;15;7;8;7;10;6;10;13;12;10;9;18
2020-02-15;22;n/d;12;10;8;7;10;7;8;11;11;9;9;13
2020-02-15;23;n/d;9;8;14;8;13;9;12;8;11;11;9;13
2020-02-15;24;8;8;7;17;6;10;9;10;9;9;10;8;13
2020-02-16;1;7;10;8;6;6;45;6;11;7;10;10;8;9
2020-02-16;2;9;7;6;7;7;31;7;9;6;7;6;6;12
2020-02-16;3;7;6;5;10;8;11;8;8;7;5;3;12;9
2020-02-16;4;7;5;5;7;6;12;5;8;7;7;7;8;8
2020-02-16;5;8;6;7;8;2;9;7;12;10;8;8;8;9
2020-02-16;6;8;8;7;4;2;7;6;10;8;9;7;12;11
2020-02-16;7;n/d;10;6;7;7;5;2;7;7;9;9;8;14
2020-02-16;8;7;5;8;6;12;8;4;10;7;9;10;9;11
2020-02-16;9;8;8;7;6;7;11;8;9;7;8;n/d;6;9
2020-02-16;10;4;6;5;8;4;9;6;9;10;8;n/d;5;9
2020-02-16;11;5;5;3;4;5;6;n/d;8;9;9;7;4;7
2020-02-16;12;6;5;5;3;4;6;n/d;6;7;5;5;2;7
2020-02-16;13;5;3;6;6;2;8;n/d;5;7;7;n/d;4;6
2020-02-16;14;7;1;5;9;1;8;n/d;4;6;13;n/d;4;7
2020-02-16;15;5;3;6;5;2;7;n/d;5;7;8;n/d;3;6
2020-02-16;16;n/d;3;5;3;2;8;n/d;8;8;6;n/d;4;8
2020-02-16;17;4;7;4;5;5;9;n/d;6;5;5;10;4;7
2020-02-16;18;n/d;5;5;2;6;9;n/d;6;7;5;9;5;7
2020-02-16;19;n/d;n/d;5;8;7;5;n/d;6;5;14;9;3;11
2020-02-16;20;n/d;n/d;4;10;8;7;n/d;n/d;5;11;6;1;7
2020-02-16;21;n/d;n/d;1;17;7;5;n/d;n/d;n/d;7;2;n/d;3
2020-02-16;22;n/d;n/d;2;n/d;1;5;n/d;n/d;n/d;8;1;n/d;1
2020-02-16;23;n/d;3;3;12;0;4;n/d;n/d;n/d;7;2;n/d;7
2020-02-16;24;n/d;n/d;3;11;1;3;3;n/d;n/d;3;4;n/d;6
2020-02-17;1;n/d;2;2;6;0;n/d;3;n/d;n/d;5;6;1;5
2020-02-17;2;n/d;1;5;3;0;2;n/d;n/d;2;4;5;1;5
2020-02-17;3;n/d;n/d;3;1;0;2;n/d;3;6;2;4;0;5
2020-02-17;4;n/d;n/d;1;2;1;4;2;4;5;1;4;1;4
2020-02-17;5;n/d;2;2;7;0;4;2;6;5;5;3;2;4
2020-02-17;6;n/d;n/d;4;8;0;4;2;n/d;4;13;6;3;7
2020-02-17;7;n/d;4;3;6;1;3;0;n/d;5;10;7;4;11
2020-02-17;8;n/d;2;5;6;0;4;1;7;4;7;4;2;10
2020-02-17;9;n/d;5;5;5;1;9;5;10;3;9;2;2;7
2020-02-17;10;n/d;8;7;10;2;9;n/d;9;n/d;10;4;3;11
2020-02-17;11;n/d;6;7;12;4;10;5;6;6;9;4;4;9
2020-02-17;12;n/d;5;6;10;5;8;6;11;4;8;7;6;7
2020-02-17;13;n/d;5;4;11;7;8;4;9;5;8;4;2;4
2020-02-17;14;n/d;2;6;13;8;6;3;8;5;8;6;0;9
2020-02-17;15;n/d;2;5;13;4;9;2;7;4;6;n/d;0;6
2020-02-17;16;n/d;5;3;10;1;11;2;7;3;10;6;4;5
2020-02-17;17;n/d;4;7;14;2;12;4;6;3;16;5;8;11
2020-02-17;18;n/d;1;6;11;1;15;3;4;n/d;9;2;5;6
2020-02-17;19;n/d;3;6;12;3;12;8;5;7;7;5;2;3
2020-02-17;20;n/d;4;5;11;3;8;7;6;5;9;4;3;5
2020-02-17;21;n/d;3;3;12;2;11;3;5;5;5;3;2;7
2020-02-17;22;n/d;3;3;9;7;7;1;4;5;5;3;4;n/d
2020-02-17;23;n/d;5;4;5;6;6;3;4;4;7;3;3;7
2020-02-17;24;n/d;4;5;5;2;6;4;3;5;7;2;8;3
2020-02-18;1;n/d;3;4;5;2;9;7;7;6;5;4;6;5
2020-02-18;2;n/d;3;5;3;7;7;5;6;6;5;3;3;6
2020-02-18;3;n/d;4;4;0;6;9;5;6;6;5;3;0;7
2020-02-18;4;n/d;6;5;8;4;7;6;6;5;9;5;3;9
2020-02-18;5;n/d;5;4;6;4;6;5;6;4;9;5;5;9
2020-02-18;6;n/d;4;8;4;2;12;5;7;7;8;5;5;12
2020-02-18;7;n/d;5;6;9;1;9;5;7;9;8;5;2;7
2020-02-18;8;3;5;5;6;4;10;6;11;9;11;4;1;8
2020-02-18;9;5;6;6;5;5;11;7;9;12;10;4;6;14
2020-02-18;10;5;7;9;10;5;10;9;7;9;16;5;6;11
2020-02-18;11;7;n/d;9;15;5;7;6;5;8;9;8;6;9
2020-02-18;12;5;n/d;7;10;5;12;7;5;6;9;7;6;13
2020-02-18;13;8;6;5;11;5;13;6;7;6;9;5;5;8
2020-02-18;14;7;5;4;14;5;9;3;9;6;13;3;4;13
2020-02-18;15;n/d;6;7;14;3;9;7;8;10;12;3;3;12
2020-02-18;16;n/d;5;7;11;2;10;5;5;6;14;3;2;7
2020-02-18;17;3;5;4;14;2;8;6;5;2;10;6;3;12
2020-02-18;18;4;5;4;13;3;12;1;5;6;11;6;2;8
2020-02-18;19;6;5;5;11;5;11;0;5;12;11;5;5;9
2020-02-18;20;10;5;5;9;5;9;1;5;8;9;4;6;7
2020-02-18;21;8;6;4;7;1;7;5;7;6;5;2;6;3
2020-02-18;22;6;7;3;8;0;5;3;7;8;5;1;5;3
2020-02-18;23;7;6;5;9;1;4;1;6;6;7;3;6;9
2020-02-18;24;7;6;9;4;3;6;3;5;4;4;4;4;6
2020-02-19;1;n/d;6;7;0;4;5;3;4;6;6;5;4;8
2020-02-19;2;n/d;n/d;2;1;5;n/d;8;3;5;4;4;n/d;7
2020-02-19;3;n/d;n/d;8;1;4;n/d;n/d;4;3;4;3;n/d;4
2020-02-19;4;n/d;1;6;4;0;n/d;n/d;3;2;5;6;0;1
2020-02-19;5;n/d;2;6;3;0;5;3;5;2;6;4;1;1
2020-02-19;6;n/d;2;5;12;0;8;5;6;5;7;4;3;4
2020-02-19;7;n/d;2;4;14;0;7;4;7;7;17;4;3;7
2020-02-19;8;n/d;4;6;13;0;7;2;8;8;12;6;2;7
2020-02-19;9;n/d;5;6;17;0;11;3;11;7;13;n/d;5;6
2020-02-19;10;n/d;4;9;13;3;8;5;8;7;11;n/d;5;8
2020-02-19;11;n/d;6;9;19;6;10;7;12;10;11;n/d;9;13
2020-02-19;12;n/d;4;9;23;5;11;5;9;7;13;n/d;12;12
2020-02-19;13;n/d;7;n/d;19;4;8;5;9;3;12;n/d;8;10
2020-02-19;14;n/d;6;7;15;2;9;7;9;7;17;n/d;8;10
2020-02-19;15;n/d;7;9;16;5;11;6;9;7;13;n/d;9;8
2020-02-19;16;n/d;7;7;19;4;11;11;8;5;12;n/d;7;17
2020-02-19;17;n/d;8;6;24;7;15;7;7;6;12;n/d;8;12
2020-02-19;18;n/d;7;10;6;7;19;8;9;6;11;n/d;8;12
2020-02-19;19;n/d;7;10;8;6;10;7;12;10;13;n/d;9;13
2020-02-19;20;n/d;7;9;13;3;12;6;12;13;12;n/d;8;17
2020-02-19;21;n/d;7;9;10;6;9;5;13;11;11;n/d;5;15
2020-02-19;22;n/d;9;12;19;5;10;6;13;7;12;n/d;6;18
2020-02-19;23;n/d;9;9;13;4;12;6;11;8;11;n/d;6;17
2020-02-19;24;n/d;7;9;8;5;10;4;8;6;8;n/d;5;9
2020-02-20;1;n/d;7;6;5;5;7;3;9;6;6;n/d;4;10
2020-02-20;2;n/d;5;4;5;4;5;4;10;7;6;n/d;2;11
2020-02-20;3;n/d;6;8;6;3;8;5;8;5;7;n/d;3;10
2020-02-20;4;n/d;5;8;9;3;8;5;7;5;5;n/d;3;10
2020-02-20;5;n/d;5;9;9;2;5;5;7;7;6;n/d;3;11
2020-02-20;6;n/d;5;8;7;2;4;3;10;5;7;n/d;6;14
2020-02-20;7;n/d;6;5;9;5;6;4;11;5;10;n/d;7;22
2020-02-20;8;n/d;6;6;10;4;7;4;8;7;9;n/d;6;13
2020-02-20;9;n/d;4;8;11;3;5;5;11;7;15;n/d;6;9
2020-02-20;10;n/d;5;6;8;4;6;9;16;7;11;n/d;5;9
2020-02-20;11;n/d;4;4;9;4;5;5;10;5;7;n/d;4;10
2020-02-20;12;n/d;4;6;7;2;9;3;9;5;11;n/d;3;8
2020-02-20;13;n/d;6;7;11;0;6;5;8;8;9;n/d;4;10
2020-02-20;14;n/d;7;5;16;0;6;4;6;6;7;n/d;3;10
2020-02-20;15;n/d;6;6;9;0;10;4;6;5;9;n/d;6;9
2020-02-20;16;n/d;4;6;7;1;7;2;6;5;7;n/d;6;8
2020-02-20;17;n/d;6;8;8;2;8;4;8;6;7;n/d;6;10
2020-02-20;18;n/d;6;9;8;4;11;7;7;4;6;n/d;7;13
2020-02-20;19;n/d;n/d;6;8;5;11;10;8;4;11;n/d;6;8
2020-02-20;20;n/d;n/d;4;18;1;9;10;7;7;9;n/d;4;7
2020-02-20;21;n/d;3;4;11;1;11;5;5;5;10;n/d;4;4
2020-02-20;22;n/d;5;5;15;2;6;6;5;4;12;n/d;5;11
2020-02-20;23;n/d;5;6;15;6;12;5;8;4;10;n/d;4;7
2020-02-20;24;n/d;4;9;10;6;8;5;6;5;8;n/d;3;5
2020-02-21;1;n/d;6;9;9;3;5;3;5;9;8;n/d;3;6
2020-02-21;2;n/d;7;8;6;7;8;1;6;10;10;n/d;3;12
2020-02-21;3;n/d;5;6;4;6;10;3;8;6;7;n/d;2;8
2020-02-21;4;n/d;5;7;10;3;10;4;9;8;7;n/d;4;8
2020-02-21;5;n/d;5;9;10;2;8;3;8;9;11;n/d;5;13
2020-02-21;6;n/d;4;8;19;1;6;2;11;11;11;n/d;6;19
2020-02-21;7;n/d;6;8;15;2;10;2;10;13;12;n/d;6;22
2020-02-21;8;n/d;6;14;12;2;14;3;14;13;11;n/d;4;13
2020-02-21;9;n/d;7;13;17;8;11;7;20;13;13;n/d;6;15
2020-02-21;10;n/d;7;10;17;9;12;13;14;10;14;n/d;9;18
2020-02-21;11;n/d;5;10;13;7;9;8;12;10;17;7;8;10
2020-02-21;12;n/d;7;7;16;8;14;7;9;8;10;7;7;9
2020-02-21;13;n/d;6;4;10;6;10;4;10;7;12;5;5;9
2020-02-21;14;n/d;5;5;12;4;8;6;7;5;11;6;4;8
2020-02-21;15;n/d;5;5;12;2;9;6;6;5;8;4;6;8
2020-02-21;16;n/d;6;3;12;2;7;3;6;7;10;2;6;9
2020-02-21;17;n/d;7;4;11;6;11;3;7;9;6;2;5;8
2020-02-21;18;n/d;5;7;11;5;11;5;6;10;11;6;9;14
2020-02-21;19;n/d;5;8;10;12;22;5;7;7;13;7;7;11
2020-02-21;20;n/d;6;8;12;11;15;7;7;9;11;6;10;16
2020-02-21;21;n/d;8;7;12;8;15;5;9;12;10;5;10;16
2020-02-21;22;n/d;8;8;11;10;14;7;10;10;8;6;10;20
2020-02-21;23;n/d;7;10;10;14;8;9;14;11;10;7;6;20
2020-02-21;24;n/d;6;9;8;11;11;11;11;11;16;7;6;20
2020-02-22;1;n/d;6;8;10;9;8;11;15;10;12;7;4;11
2020-02-22;2;n/d;7;8;12;9;9;10;11;7;9;7;3;12
2020-02-22;3;n/d;5;9;9;5;10;11;9;6;10;5;6;15
2020-02-22;4;n/d;7;6;5;6;5;12;7;6;7;4;7;13
2020-02-22;5;n/d;6;4;11;5;11;9;8;5;5;7;5;10
2020-02-22;6;n/d;5;4;12;5;8;10;8;7;9;9;3;12
2020-02-22;7;n/d;6;7;9;6;7;9;7;9;8;6;4;18
2020-02-22;8;n/d;6;7;13;7;9;8;6;11;13;7;5;11
2020-02-22;9;n/d;7;6;11;5;13;7;11;11;10;7;4;13
2020-02-22;10;n/d;2;7;10;5;10;9;11;9;13;5;6;16
2020-02-22;11;n/d;2;10;8;8;10;7;9;6;11;5;6;8
2020-02-22;12;n/d;7;8;10;5;10;11;9;7;8;5;9;11
2020-02-22;13;n/d;6;7;10;6;10;8;7;5;8;6;10;10
2020-02-22;14;n/d;7;5;13;5;11;4;10;8;16;7;9;14
2020-02-22;15;n/d;6;4;14;3;9;4;8;7;12;6;7;16
2020-02-22;16;n/d;5;5;11;6;9;12;9;6;13;5;6;9
2020-02-22;17;n/d;7;8;10;8;10;8;12;8;12;5;7;11
2020-02-22;18;n/d;7;6;15;9;12;9;10;6;19;7;8;14
2020-02-22;19;n/d;7;6;20;8;13;7;9;7;10;8;14;11
2020-02-22;20;n/d;6;7;13;6;11;9;8;11;10;6;9;12
2020-02-22;21;n/d;6;6;9;7;12;5;9;10;9;7;6;10
2020-02-22;22;n/d;6;6;14;6;11;2;9;8;11;7;6;7
2020-02-22;23;n/d;7;4;10;6;11;4;8;7;8;4;4;6
2020-02-22;24;n/d;4;5;9;5;9;4;7;8;9;1;7;8
2020-02-23;1;n/d;5;5;6;3;10;6;6;7;7;3;6;9
2020-02-23;2;n/d;5;9;5;3;8;4;6;6;3;6;6;8
2020-02-23;3;n/d;6;6;4;3;5;2;5;6;4;2;4;7
2020-02-23;4;n/d;4;5;12;3;7;6;5;4;6;0;1;6
2020-02-23;5;n/d;7;4;9;6;6;4;5;5;6;3;2;8
2020-02-23;6;n/d;3;3;5;4;5;2;3;3;5;2;0;7
2020-02-23;7;n/d;2;2;4;0;2;2;4;1;4;2;1;5
2020-02-23;8;n/d;n/d;0;3;0;4;5;4;4;7;2;1;4
2020-02-23;9;n/d;n/d;1;4;0;5;6;2;4;7;1;2;4
2020-02-23;10;n/d;n/d;2;5;0;7;7;2;2;5;0;6;7
2020-02-23;11;n/d;n/d;1;11;5;8;6;2;7;4;0;4;10
2020-02-23;12;n/d;n/d;4;9;3;6;7;2;5;5;0;3;5
2020-02-23;13;n/d;n/d;1;13;3;8;4;3;1;5;3;2;5
2020-02-23;14;n/d;n/d;1;11;5;7;0;n/d;3;4;4;1;7
2020-02-23;15;n/d;n/d;3;10;3;7;0;n/d;5;4;4;3;5
2020-02-23;16;n/d;n/d;5;16;2;8;0;n/d;6;4;3;3;8
2020-02-23;17;n/d;n/d;4;7;1;8;1;n/d;5;7;4;4;6
2020-02-23;18;n/d;n/d;6;12;1;4;4;n/d;2;10;5;5;2
2020-02-23;19;n/d;n/d;6;13;3;6;2;n/d;3;10;5;7;3
2020-02-23;20;n/d;n/d;4;12;1;6;4;n/d;n/d;8;3;6;4
2020-02-23;21;n/d;n/d;3;14;0;4;4;n/d;n/d;7;1;4;5
2020-02-23;22;n/d;n/d;4;15;0;4;2;n/d;4;5;2;1;12
2020-02-23;23;6;n/d;3;6;0;4;2;n/d;5;9;1;0;7
2020-02-23;24;3;n/d;0;4;0;5;6;n/d;2;7;3;0;5
2020-02-24;1;4;n/d;0;1;0;5;4;2;1;4;6;0;4
2020-02-24;2;3;n/d;2;2;2;3;2;1;3;1;3;1;5
2020-02-24;3;9;n/d;2;2;2;2;3;0;6;0;1;2;5
2020-02-24;4;7;n/d;2;1;0;1;2;2;5;1;1;3;4
2020-02-24;5;3;n/d;3;4;1;0;1;4;1;2;2;2;6
2020-02-24;6;2;n/d;2;3;2;1;1;4;0;9;2;0;8
2020-02-24;7;3;n/d;1;6;1;2;0;2;3;7;2;0;6
2020-02-24;8;4;n/d;0;7;2;2;0;3;4;6;3;3;7
2020-02-24;9;4;n/d;2;5;2;5;0;5;2;4;1;4;7
2020-02-24;10;1;n/d;3;6;0;4;1;5;2;7;1;3;3
2020-02-24;11;3;n/d;2;7;0;3;2;5;0;9;1;1;5
2020-02-24;12;3;n/d;1;9;3;6;4;2;0;6;3;0;4
2020-02-24;13;4;n/d;3;6;4;6;3;4;1;6;4;1;5
2020-02-24;14;6;n/d;3;5;4;3;0;3;5;5;4;0;8
2020-02-24;15;5;n/d;3;14;3;6;0;5;8;6;1;n/d;6
2020-02-24;16;2;n/d;5;11;1;11;0;4;6;8;0;0;7
2020-02-24;17;3;n/d;2;11;1;8;0;3;4;9;0;3;8
2020-02-24;18;5;n/d;1;8;0;7;2;7;5;4;0;3;5
2020-02-24;19;3;n/d;5;7;1;8;3;5;3;1;0;6;4
2020-02-24;20;4;n/d;5;6;3;5;1;5;4;8;1;3;6
2020-02-24;21;4;n/d;2;10;4;7;1;5;4;7;1;3;6
2020-02-24;22;4;n/d;0;6;3;6;2;4;3;4;3;2;6
2020-02-24;23;4;n/d;0;2;3;4;3;4;3;1;3;0;5
2020-02-24;24;3;n/d;0;1;3;5;3;4;4;3;1;2;2
2020-02-25;1;2;n/d;2;0;0;6;2;5;3;3;1;5;5
2020-02-25;2;1;n/d;0;0;0;4;1;3;5;1;2;3;7
2020-02-25;3;2;n/d;0;0;2;1;0;3;3;3;3;0;5
2020-02-25;4;1;n/d;5;2;0;1;0;4;0;5;3;3;8
2020-02-25;5;2;n/d;5;1;0;3;0;4;0;5;3;3;4
2020-02-25;6;n/d;n/d;3;11;1;6;1;4;1;9;2;0;8
2020-02-25;7;n/d;n/d;4;17;3;4;3;5;4;10;4;3;7
2020-02-25;8;n/d;n/d;4;8;2;5;2;4;8;10;2;2;5
2020-02-25;9;n/d;n/d;3;14;1;4;5;2;6;9;0;0;4
2020-02-25;10;n/d;n/d;6;11;4;7;3;4;5;14;3;2;4
2020-02-25;11;n/d;n/d;6;9;0;10;0;5;5;10;4;4;9
2020-02-25;12;n/d;n/d;4;14;2;6;0;5;4;10;3;3;9
2020-02-25;13;n/d;n/d;3;10;3;6;1;8;2;9;2;5;7
2020-02-25;14;n/d;n/d;3;7;1;5;3;5;3;7;4;6;6
2020-02-25;15;n/d;n/d;4;9;0;7;1;2;5;12;3;3;5
2020-02-25;16;n/d;n/d;4;13;n/d;10;3;4;4;10;2;1;3
2020-02-25;17;n/d;n/d;4;11;0;11;3;3;4;9;4;3;3
2020-02-25;18;n/d;n/d;4;9;1;9;0;3;4;10;2;4;5
2020-02-25;19;n/d;n/d;5;9;4;10;0;4;8;9;2;5;8
2020-02-25;20;n/d;n/d;6;9;3;6;8;1;5;7;3;5;5
2020-02-25;21;n/d;n/d;4;13;2;5;5;2;4;6;4;3;2
2020-02-25;22;n/d;n/d;7;13;0;9;0;5;7;8;3;3;6
2020-02-25;23;n/d;n/d;5;8;0;7;2;3;8;7;4;6;5
2020-02-25;24;n/d;n/d;4;4;1;4;5;5;6;6;6;3;5
2020-02-26;1;n/d;n/d;5;6;2;10;8;6;4;7;7;7;5
2020-02-26;2;n/d;n/d;4;4;0;6;6;7;4;4;5;6;5
2020-02-26;3;n/d;n/d;2;0;0;5;1;4;4;2;2;2;4
2020-02-26;4;n/d;n/d;1;2;1;6;1;n/d;5;1;2;0;4
2020-02-26;5;n/d;n/d;3;6;0;5;3;7;4;4;2;0;5
2020-02-26;6;n/d;n/d;5;10;0;6;2;3;5;9;2;1;6
2020-02-26;7;n/d;n/d;4;10;0;9;3;5;7;9;2;1;4
2020-02-26;8;n/d;n/d;3;9;1;7;3;3;4;9;4;1;4
2020-02-26;9;n/d;n/d;2;10;3;5;4;4;5;9;3;2;6
2020-02-26;10;n/d;n/d;2;10;4;5;2;6;7;12;n/d;4;6
2020-02-26;11;n/d;n/d;5;9;1;6;3;7;5;13;n/d;4;6
2020-02-26;12;n/d;n/d;8;11;0;4;3;5;4;9;4;4;5
2020-02-26;13;n/d;7;6;12;2;3;3;3;5;9;3;3;5
2020-02-26;14;n/d;5;3;10;4;5;5;4;7;8;4;4;4
2020-02-26;15;n/d;4;4;9;4;6;10;4;6;11;4;2;5
2020-02-26;16;n/d;6;6;10;3;5;7;7;6;9;3;2;6
2020-02-26;17;n/d;5;7;10;3;7;5;5;7;9;6;4;7
2020-02-26;18;n/d;5;6;10;5;9;6;7;7;11;6;4;8
2020-02-26;19;n/d;6;8;14;4;16;6;5;8;10;4;4;6
2020-02-26;20;n/d;6;8;12;3;7;5;4;9;9;5;6;9
2020-02-26;21;n/d;7;6;8;3;10;4;3;7;16;5;7;13
2020-02-26;22;n/d;8;7;10;5;12;2;5;7;13;7;5;8
2020-02-26;23;n/d;6;9;12;8;11;5;6;8;11;8;6;10
2020-02-26;24;n/d;5;6;13;6;11;5;8;9;9;8;5;9
2020-02-27;1;n/d;5;5;7;2;9;4;7;8;7;5;4;16
2020-02-27;2;n/d;4;7;3;1;6;4;6;7;5;5;3;8
2020-02-27;3;n/d;4;6;7;2;3;9;5;8;9;3;4;10
2020-02-27;4;n/d;4;4;9;5;4;7;5;7;9;3;3;8
2020-02-27;5;n/d;5;5;7;8;6;4;7;10;8;7;4;10
2020-02-27;6;n/d;6;8;9;5;5;3;7;11;8;8;3;12
2020-02-27;7;n/d;6;5;7;3;4;2;5;8;6;5;2;12
2020-02-27;8;n/d;7;2;n/d;2;9;0;6;4;6;3;2;7
2020-02-27;9;n/d;8;5;n/d;1;5;0;7;3;6;2;4;4
2020-02-27;10;n/d;10;3;n/d;1;3;3;4;n/d;7;0;4;9
2020-02-27;11;n/d;6;2;6;0;4;2;5;n/d;8;0;1;6
2020-02-27;12;n/d;4;4;10;1;6;n/d;4;n/d;6;1;4;7
2020-02-27;13;n/d;2;6;12;1;4;n/d;6;n/d;10;12;5;6
2020-02-27;14;n/d;7;7;7;0;5;n/d;6;n/d;7;7;4;7
2020-02-27;15;n/d;4;8;3;4;5;n/d;7;n/d;8;4;3;6
2020-02-27;16;n/d;2;5;4;3;4;n/d;4;n/d;13;13;1;6
2020-02-27;17;4;3;3;8;3;4;n/d;7;6;12;8;1;9
2020-02-27;18;7;4;4;10;3;9;7;9;5;9;4;5;8
2020-02-27;19;7;4;5;17;9;7;4;8;10;15;7;5;10
2020-02-27;20;8;4;n/d;16;6;8;7;6;16;10;8;6;10
2020-02-27;21;11;6;n/d;34;6;17;8;8;14;11;10;9;10
2020-02-27;22;10;7;n/d;23;5;8;7;9;13;15;9;8;10
2020-02-27;23;8;6;n/d;14;6;13;4;10;11;14;7;6;14
2020-02-27;24;6;6;n/d;15;4;11;3;8;8;10;10;5;12
2020-02-28;1;7;6;n/d;8;4;10;5;6;9;12;9;3;11
2020-02-28;2;7;6;n/d;6;4;11;8;8;6;12;8;5;8
2020-02-28;3;7;5;n/d;10;6;7;8;9;5;10;7;4;11
2020-02-28;4;6;5;n/d;12;6;12;10;7;10;7;6;5;14
2020-02-28;5;7;5;n/d;7;6;14;9;8;8;11;7;5;19
2020-02-28;6;6;6;n/d;20;5;9;5;12;9;15;12;6;23
2020-02-28;7;9;7;n/d;14;6;10;6;9;13;16;11;8;24
2020-02-28;8;13;7;n/d;25;8;13;6;13;15;13;12;7;20
2020-02-28;9;12;7;n/d;22;7;10;4;10;9;16;10;8;19
2020-02-28;10;14;7;n/d;16;8;8;7;7;11;10;8;5;16
2020-02-28;11;13;7;n/d;12;6;12;6;7;7;11;7;5;9
2020-02-28;12;n/d;7;7;13;3;9;4;9;5;10;7;6;11
2020-02-28;13;n/d;8;5;9;2;8;4;8;6;6;5;4;13
2020-02-28;14;n/d;7;8;13;5;10;4;7;6;12;5;5;12
2020-02-28;15;n/d;6;6;7;2;8;5;6;5;7;4;5;13
2020-02-28;16;n/d;6;4;4;1;10;4;6;5;8;3;4;14
2020-02-28;17;n/d;7;5;11;1;7;6;5;7;11;3;11;12
2020-02-28;18;n/d;6;9;12;5;11;8;10;12;14;7;17;21
2020-02-28;19;n/d;10;17;17;7;11;10;18;16;17;16;16;26
2020-02-28;20;n/d;13;22;22;8;14;17;21;22;16;16;22;21
2020-02-28;21;n/d;14;23;16;8;12;7;17;20;12;16;13;20
2020-02-28;22;n/d;13;15;15;9;12;7;19;13;9;11;10;16
2020-02-28;23;n/d;11;16;13;14;10;10;16;13;13;10;13;15
2020-02-28;24;n/d;10;15;14;14;18;16;20;15;13;9;10;14
2020-02-29;1;n/d;11;12;15;16;20;16;18;16;13;10;17;19
2020-02-29;2;n/d;12;19;13;14;15;16;22;14;14;17;15;17
2020-02-29;3;n/d;13;16;19;14;19;14;18;16;11;17;13;17
2020-02-29;4;n/d;13;15;13;13;14;12;18;16;15;17;17;19
2020-02-29;5;n/d;13;15;11;9;16;14;15;13;16;18;15;23
2020-02-29;6;n/d;14;15;13;11;13;15;16;15;10;12;13;23
2020-02-29;7;n/d;14;14;19;14;15;13;14;14;14;15;17;21
2020-02-29;8;n/d;12;16;19;12;14;17;17;15;19;16;15;22
2020-02-29;9;16;12;15;20;14;16;11;18;19;18;16;18;17
2020-02-29;10;16;14;18;19;15;23;24;18;21;21;n/d;18;23
2020-02-29;11;20;12;17;17;n/d;25;n/d;21;18;18;n/d;11;23
2020-02-29;12;10;5;6;13;5;16;n/d;0;5;10;n/d;7;6
2020-02-29;13;3;3;4;8;3;8;n/d;3;5;10;n/d;2;6
2020-02-29;14;4;3;4;11;1;8;3;6;4;9;n/d;1;8
2020-02-29;15;6;4;6;10;1;7;5;6;4;11;n/d;0;8
2020-02-29;16;5;8;4;9;0;6;4;6;3;8;n/d;1;6
2020-02-29;17;4;6;7;15;3;8;5;8;5;8;n/d;5;9
2020-02-29;18;4;9;6;14;4;11;6;7;6;10;n/d;7;7
2020-02-29;19;5;6;7;10;8;9;9;5;11;8;n/d;5;6
2020-02-29;20;7;4;8;15;4;7;7;6;8;7;n/d;4;8
2020-02-29;21;7;4;6;10;2;6;4;4;5;10;n/d;5;6
2020-02-29;22;8;3;4;8;4;3;4;3;3;7;n/d;2;6
2020-02-29;23;7;2;3;6;1;7;2;1;4;8;2;3;10
2020-02-29;24;4;4;5;5;0;6;1;4;5;9;4;1;7
2020-03-01;1;2;5;3;4;2;4;6;6;6;8;3;0;10
2020-03-01;2;n/d;2;2;1;1;6;5;4;8;6;4;3;7
2020-03-01;3;n/d;1;2;3;0;4;4;4;5;3;5;2;3
2020-03-01;4;n/d;3;2;4;1;1;4;5;5;6;7;2;3
2020-03-01;5;4;3;4;7;3;1;3;3;4;7;6;2;10
2020-03-01;6;5;4;4;8;2;1;0;5;5;4;5;1;8
2020-03-01;7;6;3;5;5;1;2;n/d;5;5;3;3;0;9
2020-03-01;8;n/d;4;4;7;1;2;n/d;6;5;6;3;1;10
2020-03-01;9;n/d;4;5;6;1;3;2;5;3;6;3;3;7
2020-03-01;10;4;3;4;4;0;8;1;4;5;4;1;2;9
2020-03-01;11;3;4;2;7;0;10;2;6;4;6;1;3;12
2020-03-01;12;2;3;5;8;0;8;3;7;3;12;3;1;7
2020-03-01;13;7;3;5;7;1;7;3;5;4;6;2;0;11
2020-03-01;14;n/d;3;4;10;3;7;2;2;5;6;1;5;12
2020-03-01;15;n/d;2;4;8;2;6;5;4;5;7;2;4;13
2020-03-01;16;6;3;3;6;4;6;n/d;4;7;8;5;2;8
2020-03-01;17;5;5;4;8;3;5;6;n/d;7;18;6;4;11
2020-03-01;18;6;7;11;24;0;8;5;n/d;9;20;5;5;14
2020-03-01;19;9;9;12;23;2;8;5;n/d;10;14;8;4;11
2020-03-01;20;10;8;10;15;6;11;5;n/d;8;15;5;4;19
2020-03-01;21;9;6;7;9;4;17;5;n/d;8;10;7;5;10
2020-03-01;22;7;5;5;7;2;7;5;n/d;8;10;5;5;14
2020-03-01;23;7;6;6;9;1;6;5;n/d;6;10;5;3;10
2020-03-01;24;6;3;7;7;0;4;4;n/d;5;8;5;0;11
2020-03-02;1;2;5;4;4;1;4;7;n/d;3;4;3;0;8
2020-03-02;2;2;3;2;2;2;2;4;n/d;n/d;5;6;1;10
2020-03-02;3;5;3;2;0;1;0;3;n/d;5;5;4;3;7
2020-03-02;4;2;2;1;0;0;2;6;n/d;3;4;0;3;7
2020-03-02;5;3;2;4;3;1;2;5;n/d;n/d;6;1;2;15
2020-03-02;6;3;4;3;10;2;2;2;n/d;4;7;1;0;14
2020-03-02;7;3;4;2;9;0;5;2;n/d;6;9;1;1;14
2020-03-02;8;5;3;3;9;1;10;2;n/d;4;8;1;1;14
2020-03-02;9;5;4;5;6;2;11;3;n/d;4;17;1;0;13
2020-03-02;10;7;5;7;5;0;15;5;n/d;8;9;2;0;15
2020-03-02;11;8;5;6;7;1;9;3;n/d;7;12;5;1;9
2020-03-02;12;n/d;4;4;6;0;6;1;n/d;4;9;5;2;6
2020-03-02;13;n/d;6;5;13;0;8;1;n/d;3;10;5;1;7
2020-03-02;14;n/d;6;6;11;1;7;3;n/d;4;10;8;1;9
2020-03-02;15;n/d;n/d;5;10;3;6;2;n/d;2;11;5;2;9
2020-03-02;16;n/d;n/d;4;9;2;5;5;n/d;2;11;3;1;8
2020-03-02;17;n/d;4;3;6;3;5;5;n/d;5;11;7;2;6
2020-03-02;18;3;3;6;7;3;7;5;n/d;5;10;5;3;6
2020-03-02;19;5;3;9;7;5;8;3;n/d;7;15;5;3;6
2020-03-02;20;6;5;12;21;5;12;3;n/d;9;15;5;3;11
2020-03-02;21;6;7;16;16;2;12;8;n/d;11;12;4;3;8
2020-03-02;22;8;6;10;14;4;7;5;n/d;9;7;4;4;5
2020-03-02;23;4;5;6;10;6;4;3;n/d;5;9;4;4;6
2020-03-02;24;4;3;6;11;5;7;4;n/d;6;8;2;4;6
2020-03-03;1;3;5;7;8;4;7;4;n/d;6;9;4;1;5
2020-03-03;2;2;4;7;3;4;4;2;n/d;6;6;5;2;7
2020-03-03;3;3;2;5;4;2;4;4;n/d;10;5;3;5;10
2020-03-03;4;1;4;7;5;1;6;8;n/d;8;4;3;5;12
2020-03-03;5;3;5;6;8;3;8;6;n/d;7;9;3;4;12
2020-03-03;6;4;4;5;13;3;6;8;n/d;7;15;1;5;20
2020-03-03;7;4;4;7;8;4;11;6;n/d;7;17;5;5;15
2020-03-03;8;7;4;8;9;6;15;4;n/d;8;11;5;3;21
2020-03-03;9;8;5;15;13;4;13;4;n/d;8;10;4;3;16
2020-03-03;10;8;7;11;12;6;12;7;8;8;15;3;3;18
2020-03-03;11;7;7;11;17;5;7;7;10;8;20;4;6;12
2020-03-03;12;8;8;11;8;5;12;7;7;9;10;2;7;12
2020-03-03;13;10;8;8;15;10;8;7;11;7;10;n/d;11;12
2020-03-03;14;8;7;6;12;6;5;6;9;7;20;3;8;11
2020-03-03;15;8;6;6;13;6;7;5;7;6;10;3;4;12
2020-03-03;16;6;7;6;12;7;8;7;11;4;13;5;4;11
2020-03-03;17;5;6;5;8;5;12;5;10;6;10;4;5;9
2020-03-03;18;5;5;6;12;4;10;4;7;6;12;4;8;9
2020-03-03;19;6;5;9;17;4;19;4;7;7;15;8;18;9
2020-03-03;20;7;5;20;32;4;20;11;8;12;18;11;10;12
2020-03-03;21;12;8;19;26;6;32;9;8;14;19;13;15;11
2020-03-03;22;14;9;18;23;15;25;7;7;18;18;12;15;9
2020-03-03;23;11;10;14;19;22;21;8;11;15;12;10;11;15
2020-03-03;24;7;8;14;17;12;19;9;8;14;14;9;10;7
2020-03-04;1;8;7;14;11;10;14;9;8;9;11;13;7;6
2020-03-04;2;5;7;10;10;7;12;7;9;8;14;10;6;6
2020-03-04;3;7;6;10;6;7;10;10;10;7;12;8;9;7
2020-03-04;4;5;5;9;6;10;8;7;6;5;11;8;7;15
2020-03-04;5;7;4;8;12;6;10;8;14;8;10;5;5;16
2020-03-04;6;7;5;6;12;6;17;5;13;7;16;5;7;21
2020-03-04;7;7;6;20;14;8;18;6;12;10;20;5;n/d;28
2020-03-04;8;8;7;15;13;7;16;n/d;16;10;20;8;n/d;22
2020-03-04;9;11;7;15;15;9;13;n/d;14;13;11;9;n/d;27
2020-03-04;10;14;6;14;26;8;15;n/d;14;13;15;9;n/d;23
2020-03-04;11;12;10;14;21;10;5;n/d;14;9;8;10;9;21
2020-03-04;12;11;8;13;18;7;13;7;10;9;11;7;7;16
2020-03-04;13;13;7;10;14;4;11;7;10;7;9;6;5;13
2020-03-04;14;16;5;7;13;2;9;5;10;5;12;6;5;18
2020-03-04;15;n/d;7;11;10;3;5;2;7;4;9;8;4;19
2020-03-04;16;n/d;8;8;10;2;5;0;6;6;8;10;3;15
2020-03-04;17;8;4;4;10;0;5;2;6;5;6;5;2;13
2020-03-04;18;9;5;5;12;0;4;3;7;7;8;2;0;12
2020-03-04;19;7;5;7;11;3;8;2;7;6;8;7;1;14
2020-03-04;20;9;6;9;11;6;5;2;8;7;8;8;5;17
2020-03-04;21;11;7;6;13;3;2;2;9;11;10;8;6;18
2020-03-04;22;11;7;6;16;1;6;2;7;10;11;5;10;14
2020-03-04;23;10;8;12;12;6;6;3;9;10;9;5;7;18
2020-03-04;24;12;6;10;15;5;9;5;10;7;14;7;7;13
2020-03-05;1;12;9;13;8;7;13;6;12;7;13;8;9;15
2020-03-05;2;11;8;8;9;5;10;3;11;6;9;8;6;16
2020-03-05;3;9;10;9;8;3;6;1;9;6;6;7;6;12
2020-03-05;4;8;6;11;9;3;9;3;8;4;7;4;3;14
2020-03-05;5;6;4;8;9;3;7;2;13;6;6;5;1;18
2020-03-05;6;5;5;6;12;1;10;0;8;5;6;8;1;21
2020-03-05;7;5;6;5;10;0;5;1;8;2;6;7;1;13
2020-03-05;8;5;5;5;9;0;8;n/d;6;3;5;5;1;8
2020-03-05;9;5;6;4;7;2;7;n/d;7;4;7;2;0;12
2020-03-05;10;6;5;4;8;2;7;0;7;4;10;0;0;12
2020-03-05;11;7;6;6;13;2;10;0;6;3;11;n/d;2;17
2020-03-05;12;7;10;6;10;2;10;2;7;3;7;n/d;4;14
2020-03-05;13;7;12;6;17;4;6;3;n/d;5;5;n/d;2;14
2020-03-05;14;5;8;7;10;3;5;1;n/d;5;8;0;7;10
2020-03-05;15;8;7;6;10;1;4;0;3;5;8;1;6;7
2020-03-05;16;6;6;5;13;1;4;1;2;5;7;1;3;10
2020-03-05;17;5;5;4;8;0;6;3;5;5;7;2;1;16
2020-03-05;18;5;3;6;17;0;6;2;4;5;7;3;5;10
2020-03-05;19;5;5;5;7;2;6;n/d;2;4;4;1;3;7
2020-03-05;20;2;4;7;11;1;7;n/d;2;5;7;6;4;6
2020-03-05;21;4;3;7;10;0;6;n/d;5;5;8;7;4;9
2020-03-05;22;5;4;7;8;0;5;n/d;5;5;8;4;2;7
2020-03-05;23;5;2;6;8;4;5;n/d;3;4;8;3;2;3
2020-03-05;24;3;3;5;6;4;4;n/d;4;2;9;4;2;3
2020-03-06;1;1;3;6;6;3;2;2;3;1;8;3;3;5
2020-03-06;2;2;4;4;4;1;2;4;2;3;5;3;4;5
2020-03-06;3;2;3;3;4;2;4;5;3;5;2;4;5;11
2020-03-06;4;4;3;5;6;5;7;n/d;5;5;4;5;6;7
2020-03-06;5;4;4;7;9;5;7;8;4;11;11;4;8;4
2020-03-06;6;6;5;9;19;3;7;9;5;8;14;6;10;6
2020-03-06;7;9;7;11;16;4;10;7;7;9;18;7;9;10
2020-03-06;8;10;7;11;19;5;15;7;10;9;13;6;5;17
2020-03-06;9;12;8;10;20;9;15;10;11;11;15;n/d;5;9
2020-03-06;10;17;9;11;15;7;9;12;10;13;13;n/d;8;10
2020-03-06;11;14;10;11;10;8;9;10;14;10;15;n/d;7;12
2020-03-06;12;10;9;10;8;6;14;10;9;12;17;n/d;5;12
2020-03-06;13;10;8;9;8;8;9;6;7;11;9;n/d;6;11
2020-03-06;14;13;9;7;11;6;11;4;8;10;11;n/d;5;11
2020-03-06;15;11;9;7;11;4;7;7;6;8;14;n/d;4;9
2020-03-06;16;9;6;6;9;6;5;8;6;9;17;n/d;7;8
2020-03-06;17;7;8;6;11;6;11;8;9;7;15;n/d;10;5
2020-03-06;18;10;7;9;13;10;16;8;7;7;14;n/d;8;18
2020-03-06;19;10;7;13;13;8;17;9;7;9;21;n/d;10;14
2020-03-06;20;11;8;18;14;5;24;8;14;9;28;n/d;7;12
2020-03-06;21;21;11;14;21;5;26;12;15;12;27;n/d;8;11
2020-03-06;22;11;13;15;32;5;26;10;20;14;27;n/d;11;16
2020-03-06;23;12;15;17;30;7;30;9;17;15;19;n/d;12;13
2020-03-06;24;11;15;17;28;6;25;7;14;17;23;n/d;7;14
2020-03-07;1;13;17;16;28;13;24;12;24;15;21;n/d;10;19
2020-03-07;2;14;19;13;24;12;20;12;13;18;22;n/d;13;18
2020-03-07;3;16;18;14;35;8;22;7;20;17;20;n/d;11;15
2020-03-07;4;16;17;14;29;6;24;7;23;13;19;n/d;12;13
2020-03-07;5;15;16;17;27;6;25;10;17;13;21;n/d;9;14
2020-03-07;6;16;14;21;30;4;22;6;18;15;17;n/d;10;27
2020-03-07;7;16;14;21;27;9;32;3;23;15;19;n/d;7;29
2020-03-07;8;15;12;22;33;12;22;4;19;19;30;n/d;7;23
2020-03-07;9;12;13;13;27;10;16;6;11;17;12;n/d;5;12
2020-03-07;10;12;11;13;23;6;18;8;10;9;12;n/d;3;13
2020-03-07;11;8;9;12;15;4;12;6;8;8;10;n/d;4;12
2020-03-07;12;6;8;8;12;5;13;8;7;7;11;n/d;5;10
2020-03-07;13;n/d;7;6;12;5;20;7;5;5;13;n/d;6;8
2020-03-07;14;n/d;5;5;13;3;5;n/d;4;4;11;n/d;3;6
2020-03-07;15;n/d;5;6;14;2;6;n/d;4;5;13;n/d;5;8
2020-03-07;16;5;5;6;14;4;8;6;6;5;10;n/d;7;11
2020-03-07;17;6;5;5;20;7;6;5;6;5;11;n/d;7;17
2020-03-07;18;7;6;6;16;5;11;4;5;6;12;n/d;4;12
2020-03-07;19;7;6;7;9;9;11;5;7;8;11;n/d;7;17
2020-03-07;20;10;5;10;11;9;10;6;9;9;16;n/d;8;18
2020-03-07;21;n/d;7;9;17;6;14;7;10;13;13;n/d;8;23
2020-03-07;22;n/d;6;11;17;4;11;6;10;9;11;n/d;7;11
2020-03-07;23;n/d;7;10;19;4;9;6;6;6;13;n/d;5;13
2020-03-07;24;10;7;8;9;4;7;6;6;6;12;n/d;7;16
2020-03-08;1;9;7;8;12;2;10;5;7;9;9;n/d;6;15
2020-03-08;2;9;6;9;9;3;8;5;6;8;7;n/d;5;8
2020-03-08;3;7;5;7;7;2;9;8;6;8;6;n/d;4;9
2020-03-08;4;5;6;10;8;0;6;6;8;8;6;n/d;5;13
2020-03-08;5;5;6;8;6;0;5;5;7;7;7;n/d;4;12
2020-03-08;6;7;6;7;5;0;8;6;9;4;8;n/d;3;13
2020-03-08;7;6;7;8;5;0;8;7;8;4;7;n/d;4;8
2020-03-08;8;6;6;10;4;5;11;3;6;3;8;n/d;3;6
2020-03-08;9;6;5;7;8;4;10;8;7;4;5;n/d;4;7
2020-03-08;10;6;6;9;7;5;9;8;7;4;6;n/d;6;6
2020-03-08;11;n/d;6;10;6;7;8;5;6;3;9;n/d;7;7
2020-03-08;12;7;5;7;10;6;11;5;6;6;10;n/d;5;11
2020-03-08;13;8;4;7;10;2;9;6;6;5;8;n/d;3;11
2020-03-08;14;6;5;8;10;5;8;5;6;6;10;n/d;2;13
2020-03-08;15;7;4;5;9;6;6;5;7;7;16;n/d;2;11
2020-03-08;16;5;n/d;2;11;5;8;3;5;4;11;n/d;2;7
2020-03-08;17;4;n/d;7;11;2;8;3;4;4;11;n/d;5;7
2020-03-08;18;4;5;9;22;2;7;5;n/d;9;21;n/d;9;16
2020-03-08;19;7;7;10;17;6;13;5;8;10;20;n/d;10;13
2020-03-08;20;9;7;10;19;8;15;1;7;11;13;n/d;6;21
2020-03-08;21;10;7;14;15;4;18;0;12;14;10;n/d;5;7
2020-03-08;22;8;6;12;18;1;8;0;9;9;9;n/d;4;5
2020-03-08;23;5;6;8;12;2;8;4;7;9;6;n/d;5;7
2020-03-08;24;4;5;6;6;1;8;4;5;6;8;n/d;4;10
2020-03-09;1;7;4;5;3;1;4;3;4;3;10;n/d;2;7
2020-03-09;2;6;5;3;3;2;5;2;5;5;5;n/d;1;5
2020-03-09;3;6;3;1;2;5;6;7;4;5;4;n/d;2;5
2020-03-09;4;3;4;5;5;6;9;5;1;10;4;n/d;4;4
2020-03-09;5;3;4;6;7;3;8;1;2;7;8;n/d;2;5
2020-03-09;6;n/d;4;7;16;4;9;2;3;7;15;n/d;4;8
2020-03-09;7;n/d;5;6;14;2;18;4;3;8;11;n/d;6;9
2020-03-09;8;n/d;5;8;11;1;15;2;7;5;11;n/d;4;8
2020-03-09;9;n/d;7;7;17;4;11;5;10;7;8;n/d;7;9
2020-03-09;10;n/d;6;7;12;10;12;6;8;13;11;n/d;7;9
2020-03-09;11;n/d;5;8;11;6;11;9;6;9;9;n/d;8;7
2020-03-09;12;n/d;6;7;10;5;16;7;7;10;13;n/d;6;6
2020-03-09;13;n/d;6;4;12;8;9;6;10;8;16;n/d;5;9
2020-03-09;14;n/d;7;6;19;6;11;6;8;5;11;n/d;4;8
2020-03-09;15;5;6;7;20;5;10;5;7;6;11;n/d;2;9
2020-03-09;16;5;8;8;17;6;7;10;7;9;14;n/d;6;11
2020-03-09;17;5;7;8;20;3;15;7;6;8;12;n/d;6;11
2020-03-09;18;6;8;9;15;7;13;8;7;11;17;n/d;6;11
2020-03-09;19;9;9;8;15;8;11;7;6;10;16;n/d;6;10
2020-03-09;20;11;7;9;20;12;10;5;8;13;15;n/d;7;16
2020-03-09;21;9;9;10;12;7;11;7;8;11;7;n/d;6;2
2020-03-09;22;5;6;6;11;5;16;7;5;8;8;n/d;6;8
2020-03-09;23;4;5;4;7;5;8;7;3;9;6;n/d;4;12
2020-03-09;24;6;5;4;5;4;9;7;4;7;5;n/d;1;12
2020-03-10;1;6;4;3;1;3;7;6;6;5;4;n/d;0;8
2020-03-10;2;6;3;4;2;1;4;3;4;4;4;n/d;2;4
2020-03-10;3;2;4;4;3;2;6;2;3;5;3;n/d;3;4
2020-03-10;4;4;2;7;2;5;4;3;5;5;4;n/d;1;8
2020-03-10;5;2;1;4;2;3;6;0;3;4;4;n/d;1;7
2020-03-10;6;n/d;1;1;7;0;7;n/d;3;2;4;n/d;2;11
2020-03-10;7;3;1;1;10;0;12;0;3;1;7;n/d;1;8
2020-03-10;8;3;2;3;9;0;8;4;4;3;10;n/d;1;5
2020-03-10;9;n/d;3;4;6;0;5;n/d;5;3;9;n/d;2;5
2020-03-10;10;n/d;1;4;5;2;8;n/d;3;4;7;n/d;1;8
2020-03-10;11;n/d;3;4;12;4;5;n/d;3;2;7;n/d;0;6
2020-03-10;12;2;3;4;15;3;9;2;2;2;11;n/d;1;6
2020-03-10;13;3;3;5;14;3;8;0;2;2;9;n/d;n/d;6
2020-03-10;14;4;5;2;15;0;8;1;1;3;9;n/d;n/d;4
2020-03-10;15;1;4;3;14;0;9;2;3;5;13;n/d;0;4
2020-03-10;16;3;7;5;10;1;12;4;5;2;13;n/d;0;5
2020-03-10;17;2;3;6;7;0;9;n/d;4;2;9;n/d;1;11
2020-03-10;18;3;4;5;8;0;7;n/d;2;1;5;n/d;2;9
2020-03-10;19;3;4;4;6;1;6;n/d;4;3;6;n/d;2;n/d
2020-03-10;20;5;5;4;5;1;6;2;4;5;5;n/d;1;10
2020-03-10;21;5;5;6;6;3;6;5;5;2;5;n/d;2;8
2020-03-10;22;2;5;5;11;4;8;3;3;2;5;n/d;2;7
2020-03-10;23;6;2;5;7;2;5;2;1;6;5;n/d;2;9
2020-03-10;24;3;1;5;1;1;2;4;2;5;2;n/d;3;6
2020-03-11;1;2;3;3;0;1;3;3;3;5;2;n/d;3;4
2020-03-11;2;3;3;3;0;n/d;4;2;4;4;3;n/d;3;3
2020-03-11;3;4;2;4;0;n/d;4;n/d;5;7;3;n/d;3;5
2020-03-11;4;1;3;2;1;n/d;5;n/d;4;6;4;n/d;2;6
2020-03-11;5;2;2;1;4;n/d;4;4;4;3;4;n/d;1;7
2020-03-11;6;2;4;2;5;n/d;2;1;5;3;6;n/d;0;5
2020-03-11;7;3;3;1;8;n/d;5;0;4;3;8;1;0;4
2020-03-11;8;3;4;4;7;n/d;5;5;5;4;5;3;3;6
2020-03-11;9;3;3;3;5;n/d;5;4;5;6;5;4;3;10
2020-03-11;10;3;3;3;9;n/d;10;4;5;3;7;2;3;8
2020-03-11;11;4;4;4;8;n/d;8;5;7;4;7;4;3;9
2020-03-11;12;6;5;4;9;n/d;6;5;5;5;5;4;4;6
2020-03-11;13;6;5;5;13;1;6;2;5;5;9;n/d;6;5
2020-03-11;14;4;4;6;16;8;11;0;6;7;7;n/d;6;6
2020-03-11;15;2;5;6;15;5;n/d;2;7;6;7;n/d;4;9
2020-03-11;16;5;4;6;12;0;n/d;4;6;7;6;n/d;4;12
2020-03-11;17;5;5;5;20;0;n/d;3;3;6;8;n/d;3;8
2020-03-11;18;5;4;5;14;0;13;5;4;5;11;n/d;4;12
2020-03-11;19;8;5;5;8;0;10;3;6;4;31;5;5;10
2020-03-11;20;8;6;5;13;1;8;4;6;4;10;4;3;11
2020-03-11;21;6;6;2;7;2;7;3;4;6;9;4;4;8
2020-03-11;22;5;4;4;9;1;5;5;6;7;6;6;5;7
2020-03-11;23;4;4;6;7;3;2;7;7;6;6;5;5;8
2020-03-11;24;4;4;6;5;1;4;4;8;6;4;7;3;12
2020-03-12;1;4;3;5;4;0;4;1;7;5;2;7;4;8
2020-03-12;2;n/d;3;4;1;2;4;2;4;5;3;5;3;7
2020-03-12;3;n/d;3;3;0;1;5;2;4;4;3;4;3;6
2020-03-12;4;n/d;n/d;5;0;0;2;6;4;4;3;10;2;6
2020-03-12;5;n/d;n/d;4;5;0;2;4;3;4;7;6;2;9
2020-03-12;6;n/d;4;3;13;1;3;3;2;3;13;6;4;7
2020-03-12;7;n/d;2;6;13;2;2;3;4;3;12;5;2;5
2020-03-12;8;2;4;5;19;0;11;5;5;4;7;5;1;5
2020-03-12;9;5;4;6;13;0;8;3;8;4;9;7;5;5
2020-03-12;10;6;5;5;15;2;6;6;7;5;13;5;4;8
2020-03-12;11;6;3;5;13;4;5;5;8;4;15;6;1;9
2020-03-12;12;5;5;4;9;3;8;1;6;5;10;4;3;7
2020-03-12;13;6;6;9;14;1;10;4;5;9;9;3;6;6
2020-03-12;14;n/d;5;7;16;2;7;3;7;8;10;3;5;9
2020-03-12;15;n/d;4;2;14;1;8;3;5;5;14;7;3;12
2020-03-12;16;n/d;6;5;15;0;9;3;4;4;15;7;7;11
2020-03-12;17;5;6;8;12;3;7;6;8;4;16;4;5;8
2020-03-12;18;3;5;6;9;5;8;4;7;5;23;n/d;5;5
2020-03-12;19;5;5;5;7;5;8;4;8;4;15;4;6;4
2020-03-12;20;7;5;5;8;5;10;3;6;4;17;5;5;6
2020-03-12;21;7;5;6;9;3;8;4;4;7;8;5;3;7
2020-03-12;22;5;5;8;8;3;6;7;4;8;8;7;6;7
2020-03-12;23;6;4;8;7;3;6;5;4;7;11;6;5;10
2020-03-12;24;4;5;8;6;3;6;4;4;6;11;4;5;7
2020-03-13;1;6;5;6;3;5;10;5;9;6;9;5;10;9
2020-03-13;2;7;6;7;3;3;8;6;5;5;7;5;7;8
2020-03-13;3;6;6;7;5;2;8;6;4;5;11;4;3;6
2020-03-13;4;5;6;9;4;5;7;3;7;6;8;4;3;6
2020-03-13;5;6;6;7;6;7;6;3;9;7;10;4;3;6
2020-03-13;6;6;5;7;16;4;10;3;8;8;14;8;2;7
2020-03-13;7;5;6;9;16;1;12;5;11;8;17;6;3;14
2020-03-13;8;5;7;9;15;2;8;6;10;8;14;5;2;14
2020-03-13;9;4;7;8;16;5;10;8;10;11;10;6;3;17
2020-03-13;10;8;7;8;14;6;11;5;9;8;17;8;5;12
2020-03-13;11;4;7;8;18;6;9;9;9;6;12;7;6;11
2020-03-13;12;9;8;10;11;5;10;8;9;6;16;6;4;9
2020-03-13;13;9;7;10;14;2;10;6;7;6;11;5;3;9
2020-03-13;14;11;7;8;15;2;10;4;5;6;12;6;2;8
2020-03-13;15;3;6;7;17;5;8;1;5;8;10;6;7;12
2020-03-13;16;5;5;4;10;6;7;6;8;8;12;4;8;11
2020-03-13;17;4;6;6;18;7;14;5;7;7;13;4;8;7
2020-03-13;18;6;5;8;16;4;11;3;7;9;15;4;8;11
2020-03-13;19;6;6;7;18;2;18;7;12;13;15;10;10;8
2020-03-13;20;9;6;16;16;1;15;11;11;20;16;7;15;20
2020-03-13;21;10;8;15;10;3;19;10;11;17;19;11;8;20
2020-03-13;22;11;7;13;19;20;22;12;13;18;18;11;7;13
2020-03-13;23;10;7;13;14;16;17;10;14;19;20;10;12;23
2020-03-13;24;9;8;9;12;12;21;13;13;18;11;7;7;16
2020-03-14;1;8;7;8;10;15;15;8;9;10;11;4;11;16
2020-03-14;2;11;5;8;7;3;12;4;5;11;10;4;8;11
2020-03-14;3;10;6;11;9;1;10;6;9;9;11;4;4;9
2020-03-14;4;9;6;10;9;1;8;5;7;4;9;6;4;7
2020-03-14;5;5;5;5;5;0;6;6;7;11;6;7;4;10
2020-03-14;6;6;5;6;15;0;7;5;8;7;6;4;2;15
2020-03-14;7;8;5;5;15;0;5;4;6;7;7;4;2;17
2020-03-14;8;4;5;5;8;1;5;7;6;8;9;4;2;14
2020-03-14;9;5;4;5;9;7;7;7;6;7;10;4;4;13
2020-03-14;10;7;5;6;12;6;12;9;7;7;10;6;9;14
2020-03-14;11;7;6;10;12;4;10;6;6;10;10;5;7;20
2020-03-14;12;9;6;7;8;2;9;4;5;10;9;3;5;11
2020-03-14;13;9;6;4;11;0;4;4;7;7;12;4;4;11
2020-03-14;14;8;4;6;8;2;5;4;6;4;14;4;5;10
2020-03-14;15;10;5;7;14;2;7;3;5;10;10;4;9;11
2020-03-14;16;9;4;8;12;2;8;3;5;7;13;3;9;15
2020-03-14;17;6;5;6;14;4;10;5;5;3;16;5;6;12
2020-03-14;18;8;5;10;17;4;10;7;6;11;16;5;5;18
2020-03-14;19;10;6;11;17;5;11;8;15;11;21;5;8;29
2020-03-14;20;13;7;10;13;7;8;11;11;12;18;9;10;23
2020-03-14;21;14;9;9;16;8;9;7;12;13;11;13;8;25
2020-03-14;22;13;8;15;16;5;9;7;14;9;14;12;7;19
2020-03-14;23;14;8;13;20;2;5;9;14;18;11;9;7;26
2020-03-14;24;14;8;12;17;3;1;8;10;9;15;8;9;19
2020-03-15;1;11;8;10;7;5;5;6;10;9;12;7;8;18
2020-03-15;2;11;8;10;9;3;5;7;11;8;10;9;5;16
2020-03-15;3;9;7;9;9;1;5;4;9;8;8;8;5;16
2020-03-15;4;6;4;8;8;1;3;3;11;9;7;3;4;13
2020-03-15;5;7;5;11;7;1;3;2;8;6;7;3;3;11
2020-03-15;6;7;6;9;9;0;6;2;9;4;10;4;4;14
2020-03-15;7;5;6;7;10;0;7;2;8;8;6;6;4;11
2020-03-15;8;4;7;9;7;1;6;2;7;6;11;5;4;10
2020-03-15;9;8;6;10;5;5;6;4;7;6;8;4;5;9
2020-03-15;10;6;6;10;7;9;11;4;8;4;6;5;5;13
2020-03-15;11;5;7;7;12;10;7;3;7;7;9;6;4;13
2020-03-15;12;5;8;10;9;5;6;4;9;6;7;4;4;14
2020-03-15;13;6;5;7;13;1;6;3;6;5;7;5;4;10
2020-03-15;14;4;5;8;12;1;5;1;5;9;6;6;8;11
2020-03-15;15;4;6;7;9;2;5;2;5;9;8;5;6;13
2020-03-15;16;4;4;5;7;4;8;3;4;7;10;6;4;10
2020-03-15;17;5;4;7;14;2;6;7;3;4;9;4;6;10
2020-03-15;18;6;5;6;18;1;6;5;7;9;12;2;7;15
2020-03-15;19;6;4;11;13;2;9;4;6;14;24;14;10;27
2020-03-15;20;9;13;21;10;3;19;4;18;16;24;23;18;26
2020-03-15;21;14;17;16;21;6;21;6;22;13;26;11;7;29
2020-03-15;22;13;15;16;29;9;24;5;29;19;27;10;23;31
2020-03-15;23;15;17;12;30;8;21;2;28;18;28;10;14;29
2020-03-15;24;14;12;9;22;6;19;6;29;13;23;10;16;27
2020-03-16;1;11;15;7;23;3;9;15;23;13;20;6;17;20
2020-03-16;2;n/d;17;6;25;5;17;15;19;9;22;4;8;24
2020-03-16;3;n/d;17;9;22;9;13;8;20;18;12;5;5;21
2020-03-16;4;n/d;15;12;8;11;18;8;15;14;12;10;6;18
2020-03-16;5;n/d;10;8;8;15;19;9;11;8;14;7;7;12
2020-03-16;6;n/d;10;8;9;18;15;7;9;9;12;5;6;12
2020-03-16;7;n/d;8;9;11;14;16;6;9;7;16;8;6;17
2020-03-16;8;n/d;7;9;9;n/d;13;6;6;8;16;7;5;10
2020-03-16;9;n/d;7;11;12;n/d;10;5;9;8;15;4;3;14
2020-03-16;10;n/d;7;9;9;8;11;7;10;13;18;2;3;9
2020-03-16;11;n/d;6;6;9;9;12;7;9;10;13;4;4;19
2020-03-16;12;n/d;6;7;7;7;10;18;8;11;15;5;4;18
2020-03-16;13;n/d;7;11;10;5;19;15;11;11;16;7;7;21
2020-03-16;14;n/d;7;8;8;8;20;18;12;9;21;5;11;16
2020-03-16;15;n/d;7;7;13;7;18;17;8;10;17;5;7;15
2020-03-16;16;12;8;9;10;12;19;10;8;11;18;5;12;15
2020-03-16;17;9;7;9;15;16;14;14;10;10;13;6;11;22
2020-03-16;18;10;8;9;15;10;12;10;14;10;18;10;14;12
2020-03-16;19;11;8;16;16;9;32;12;13;13;15;14;17;17
2020-03-16;20;15;9;22;18;7;65;11;14;12;10;15;12;22
2020-03-16;21;17;9;15;18;10;52;18;16;19;16;16;22;21
2020-03-16;22;19;11;13;16;8;20;16;20;18;25;13;17;23
2020-03-16;23;19;15;15;17;6;24;19;23;19;31;14;10;20
2020-03-16;24;15;15;19;16;7;18;27;16;15;29;12;9;20
2020-03-17;1;17;13;13;13;15;21;23;18;15;25;13;11;22
2020-03-17;2;16;15;11;12;18;26;26;14;21;14;9;10;19
2020-03-17;3;16;11;14;10;16;22;25;14;14;17;9;14;15
2020-03-17;4;11;11;10;12;15;19;29;12;10;14;11;14;11
2020-03-17;5;14;9;11;16;17;27;30;15;13;14;10;14;18
2020-03-17;6;11;11;16;15;14;26;32;16;15;22;7;12;21
2020-03-17;7;14;12;14;17;14;29;31;17;16;18;8;12;24
2020-03-17;8;15;10;17;20;15;32;28;19;16;23;10;11;25
2020-03-17;9;16;11;16;14;19;30;24;20;22;24;8;10;n/d
2020-03-17;10;19;12;13;19;15;26;26;19;20;21;8;14;n/d
2020-03-17;11;17;11;15;20;17;28;29;22;19;25;11;16;n/d
2020-03-17;12;19;12;19;20;18;28;29;20;25;25;11;17;n/d
2020-03-17;13;25;14;18;15;11;24;25;22;17;21;17;17;n/d
2020-03-17;14;24;n/d;14;16;7;25;13;21;22;25;8;19;35
2020-03-17;15;23;n/d;17;11;12;20;17;21;22;21;6;11;28
2020-03-17;16;25;n/d;15;18;12;22;14;23;17;21;9;15;32
2020-03-17;17;27;n/d;21;14;8;24;14;22;15;22;14;9;27
2020-03-17;18;26;n/d;22;24;12;23;18;22;16;30;13;15;31
2020-03-17;19;27;n/d;20;18;9;25;17;24;31;25;20;20;27
2020-03-17;20;24;n/d;22;27;8;41;21;27;32;31;29;26;34
2020-03-17;21;28;n/d;24;32;14;41;16;39;30;27;n/d;37;40
2020-03-17;22;30;n/d;31;30;15;29;18;40;34;35;34;28;41
2020-03-17;23;32;n/d;29;38;13;34;18;48;36;33;35;26;40
2020-03-17;24;34;n/d;32;45;20;33;20;46;39;32;37;21;44
2020-03-18;1;34;n/d;32;45;21;30;23;44;37;27;36;28;48
2020-03-18;2;37;n/d;33;39;16;33;17;40;40;31;39;24;46
2020-03-18;3;38;n/d;32;42;15;30;21;40;30;31;31;26;45
2020-03-18;4;37;n/d;31;38;11;31;16;42;27;26;29;27;48
2020-03-18;5;38;n/d;34;41;11;34;16;40;35;30;28;27;39
2020-03-18;6;34;n/d;33;44;17;29;19;42;31;33;27;26;42
2020-03-18;7;33;n/d;34;50;14;32;17;43;34;36;31;27;43
2020-03-18;8;31;n/d;38;52;18;31;26;45;33;30;32;27;46
2020-03-18;9;28;n/d;43;n/d;24;33;25;43;38;23;18;21;45
2020-03-18;10;32;n/d;27;n/d;18;24;18;31;40;15;15;13;45
2020-03-18;11;34;n/d;32;n/d;20;25;21;33;37;20;9;8;42
2020-03-18;12;23;n/d;15;n/d;15;19;11;20;31;15;8;7;37
2020-03-18;13;16;n/d;13;18;10;14;17;26;19;4;20;6;28
2020-03-18;14;17;n/d;11;15;8;13;13;23;13;7;8;6;24
2020-03-18;15;16;n/d;10;16;8;12;9;14;9;8;11;6;15
2020-03-18;16;14;n/d;16;14;8;12;9;12;9;10;8;10;15
2020-03-18;17;11;n/d;10;17;6;12;14;13;9;10;7;9;10
2020-03-18;18;9;n/d;13;13;5;13;12;14;8;15;7;9;13
2020-03-18;19;9;n/d;16;11;6;30;14;14;12;18;11;16;17
2020-03-18;20;9;n/d;26;13;6;27;16;30;15;18;12;14;24
2020-03-18;21;14;n/d;27;33;8;26;13;28;26;25;13;12;24
2020-03-18;22;18;n/d;32;38;6;26;13;31;21;25;18;12;31
2020-03-18;23;20;n/d;31;33;11;27;16;26;23;27;24;20;30
2020-03-18;24;23;n/d;27;38;9;25;17;28;29;23;18;19;32
2020-03-19;1;26;n/d;24;31;12;30;11;38;25;22;20;14;35
2020-03-19;2;32;n/d;20;27;8;24;14;36;27;21;7;11;44
2020-03-19;3;31;n/d;20;27;6;26;16;27;37;22;11;12;n/d
2020-03-19;4;26;n/d;17;18;12;25;20;34;32;28;21;14;54
2020-03-19;5;26;n/d;20;22;10;31;24;25;30;26;9;15;43
2020-03-19;6;27;n/d;28;20;15;28;30;25;27;27;12;23;30
2020-03-19;7;24;n/d;22;28;14;22;26;25;33;31;10;22;38
2020-03-19;8;26;n/d;21;23;14;21;28;29;31;32;20;24;35
2020-03-19;9;30;n/d;21;23;8;21;21;30;27;27;16;18;28
2020-03-19;10;27;n/d;23;26;10;19;21;25;16;28;14;11;23
2020-03-19;11;24;n/d;18;20;6;14;23;19;15;23;14;12;19
2020-03-19;12;24;n/d;15;21;5;17;14;12;12;17;14;9;11
2020-03-19;13;20;n/d;13;16;8;11;9;14;11;12;12;10;11
2020-03-19;14;16;n/d;17;12;6;7;9;13;10;13;20;10;10
2020-03-19;15;13;n/d;14;14;7;8;15;10;9;13;16;8;12
2020-03-19;16;13;n/d;13;17;8;9;13;11;9;12;15;6;13
2020-03-19;17;12;n/d;10;15;6;11;7;13;9;12;14;11;15
2020-03-19;18;14;n/d;13;11;7;13;8;17;11;14;26;11;20
2020-03-19;19;14;n/d;14;21;8;16;7;16;15;13;21;15;17
2020-03-19;20;18;n/d;18;21;9;24;15;29;20;25;28;21;18
2020-03-19;21;22;n/d;22;23;13;20;19;23;23;n/d;31;23;24
2020-03-19;22;24;n/d;23;22;13;18;19;21;28;n/d;31;24;25
2020-03-19;23;24;n/d;23;24;17;19;16;22;26;20;34;26;27
2020-03-19;24;23;n/d;28;21;12;14;17;25;29;24;36;30;22
2020-03-20;1;23;n/d;36;21;10;19;15;21;21;22;37;27;18
2020-03-20;2;24;n/d;37;36;9;16;22;27;18;24;37;29;25
2020-03-20;3;29;n/d;38;30;7;12;13;36;23;33;36;22;26
2020-03-20;4;34;n/d;37;30;6;17;19;36;23;28;38;26;30
2020-03-20;5;34;n/d;35;37;12;18;16;36;27;36;43;26;38
2020-03-20;6;33;n/d;43;42;10;17;14;41;25;32;43;28;36
2020-03-20;7;39;n/d;43;49;7;19;22;46;38;41;43;30;48
2020-03-20;8;44;n/d;44;42;17;19;24;40;37;45;40;32;42
2020-03-20;9;42;n/d;41;44;12;19;17;40;34;44;36;32;37
2020-03-20;10;41;43;40;41;11;15;16;34;32;37;37;28;n/d
2020-03-20;11;39;45;40;35;9;14;16;39;30;37;37;29;33
2020-03-20;12;41;41;37;35;5;12;16;34;26;40;38;29;37
2020-03-20;13;37;40;33;30;7;16;11;33;29;36;38;31;34
2020-03-20;14;37;45;37;44;9;18;n/d;32;30;34;34;35;31
2020-03-20;15;41;45;40;40;11;n/d;22;36;32;39;39;34;37
2020-03-20;16;44;45;44;43;18;n/d;29;42;40;40;36;37;43
2020-03-20;17;43;42;42;37;19;38;42;46;43;41;32;35;45
2020-03-20;18;42;32;31;30;39;42;49;39;41;36;22;40;41
2020-03-20;19;35;30;25;33;41;46;47;30;33;32;19;32;38
2020-03-20;20;31;28;25;24;37;40;45;31;35;27;21;31;34
2020-03-20;21;28;26;21;18;32;37;47;27;32;27;18;28;29
2020-03-20;22;25;22;16;21;29;30;35;26;22;21;13;25;27
2020-03-20;23;23;20;16;11;28;26;29;26;22;21;15;21;23
2020-03-20;24;19;17;16;15;26;28;31;19;21;22;15;21;22
2020-03-21;1;17;17;14;16;24;29;25;17;17;19;13;15;19
2020-03-21;2;15;14;10;14;28;22;25;14;17;14;13;20;14
2020-03-21;3;13;13;10;12;22;22;23;14;14;13;10;13;13
2020-03-21;4;12;10;9;9;16;20;18;12;12;14;8;17;13
2020-03-21;5;10;10;9;10;16;11;12;9;15;17;8;10;10
2020-03-21;6;10;11;9;8;11;14;12;11;10;20;8;11;11
2020-03-21;7;11;11;11;7;12;13;15;10;7;21;10;14;9
2020-03-21;8;10;11;7;8;10;12;17;10;10;10;11;14;8
2020-03-21;9;8;8;4;8;8;9;10;7;9;9;7;11;7
2020-03-21;10;6;6;5;5;9;5;13;8;7;8;3;10;5
2020-03-21;11;4;4;6;3;8;5;7;6;5;6;2;13;6
2020-03-21;12;4;4;4;5;9;n/d;4;4;5;3;3;9;8
2020-03-21;13;3;4;7;4;6;8;6;3;6;6;2;11;9
2020-03-21;14;5;5;5;3;2;8;8;5;10;6;3;6;6
2020-03-21;15;6;5;7;5;4;7;5;8;n/d;4;3;7;5
2020-03-21;16;5;6;6;3;4;4;6;11;n/d;6;4;6;6
2020-03-21;17;5;5;6;5;6;4;5;11;n/d;9;5;6;13
2020-03-21;18;7;6;7;6;5;4;7;8;n/d;8;6;5;10
2020-03-21;19;n/d;6;7;6;3;4;n/d;7;n/d;10;5;9;8
2020-03-21;20;n/d;5;10;6;3;8;n/d;9;n/d;7;5;6;7
2020-03-21;21;n/d;6;8;5;2;7;n/d;9;6;5;6;5;6
2020-03-21;22;n/d;7;7;3;3;4;n/d;8;7;5;6;5;10
2020-03-21;23;n/d;6;7;2;4;6;4;8;9;6;4;6;10
2020-03-21;24;n/d;6;6;4;4;10;3;6;7;6;4;4;n/d
2020-03-22;1;n/d;6;8;3;6;9;2;6;7;8;5;8;n/d
2020-03-22;2;n/d;6;7;1;4;8;7;7;n/d;6;5;8;n/d
2020-03-22;3;8;n/d;5;3;3;6;7;7;n/d;9;5;6;n/d
2020-03-22;4;8;n/d;6;7;2;6;5;10;n/d;9;7;6;11
2020-03-22;5;7;8;7;6;7;12;7;8;n/d;8;7;n/d;11
2020-03-22;6;7;9;8;5;7;13;9;10;n/d;9;8;n/d;8
2020-03-22;7;8;9;9;9;7;12;9;9;9;8;5;7;12
2020-03-22;8;8;n/d;10;8;8;8;8;10;9;6;5;6;9
2020-03-22;9;8;n/d;8;7;6;12;7;10;7;9;8;8;7
2020-03-22;10;8;n/d;7;5;3;9;8;7;9;12;8;7;10
2020-03-22;11;6;11;7;14;8;5;10;9;9;12;8;9;9
2020-03-22;12;9;12;9;8;7;8;11;8;14;9;10;10;9
2020-03-22;13;12;13;10;8;9;15;7;10;9;14;8;7;11
2020-03-22;14;11;13;9;7;7;7;9;9;9;11;8;6;12
2020-03-22;15;11;13;11;12;7;10;11;10;10;12;7;8;9
2020-03-22;16;11;13;12;10;14;11;11;12;13;10;7;10;13
2020-03-22;17;9;12;12;9;10;14;10;9;14;12;8;10;9
2020-03-22;18;10;11;10;7;8;10;12;8;10;10;8;9;10
2020-03-22;19;9;9;7;9;6;10;10;7;9;13;9;9;9
2020-03-22;20;8;9;8;9;5;8;9;5;10;10;6;5;9
2020-03-22;21;5;6;8;8;5;4;8;5;13;9;6;3;8
2020-03-22;22;4;6;6;4;3;4;5;6;10;11;9;3;10
2020-03-22;23;6;6;7;2;2;5;8;6;9;8;7;3;8
2020-03-22;24;6;5;6;5;6;7;6;6;9;9;7;10;8
2020-03-23;1;5;5;6;4;7;5;8;6;8;7;5;7;10
2020-03-23;2;5;5;5;4;6;7;8;8;9;5;9;4;8
2020-03-23;3;6;5;5;4;5;7;6;8;9;4;9;6;5
2020-03-23;4;7;5;8;3;5;6;4;7;6;4;5;8;4
2020-03-23;5;6;5;6;3;6;6;12;n/d;8;7;7;5;7
2020-03-23;6;5;6;7;6;8;7;9;n/d;n/d;9;8;7;9
2020-03-23;7;6;6;6;7;9;9;8;10;8;10;5;8;10
2020-03-23;8;7;7;8;8;9;8;8;11;6;12;6;7;9
2020-03-23;9;6;7;9;7;8;12;7;8;8;11;7;5;9
2020-03-23;10;7;7;7;6;5;9;8;4;10;n/d;7;3;10
2020-03-23;11;8;8;6;n/d;6;11;11;6;7;n/d;9;5;8
2020-03-23;12;7;8;7;n/d;6;8;8;9;7;n/d;8;6;8
2020-03-23;13;8;9;7;n/d;5;6;5;9;7;13;7;10;7
2020-03-23;14;7;9;9;8;4;7;5;9;5;11;6;9;7
2020-03-23;15;8;10;9;7;6;7;10;10;9;10;7;9;7
2020-03-23;16;7;11;9;7;8;10;12;7;9;12;8;8;12
2020-03-23;17;8;11;11;8;8;11;10;9;10;19;9;7;8
2020-03-23;18;10;12;10;8;7;12;14;11;12;11;7;11;16
2020-03-23;19;11;12;12;9;5;10;9;10;15;11;12;8;13
2020-03-23;20;12;14;13;20;8;14;18;14;15;10;11;12;16
2020-03-23;21;13;13;14;12;6;10;12;14;14;12;7;14;14
2020-03-23;22;11;11;10;10;10;8;13;13;11;11;12;14;24
2020-03-23;23;9;10;9;6;7;6;10;11;10;9;12;10;10
2020-03-23;24;9;9;11;7;4;13;8;11;10;8;8;9;10
2020-03-24;1;9;9;11;4;6;10;11;10;10;13;5;14;10
2020-03-24;2;10;10;8;10;13;8;12;9;9;8;11;9;7
2020-03-24;3;9;9;11;10;8;11;12;12;14;7;10;8;7
2020-03-24;4;10;9;11;8;8;11;10;10;11;9;9;9;10
2020-03-24;5;11;n/d;10;9;5;10;9;9;10;11;7;10;11
2020-03-24;6;10;n/d;10;9;10;8;11;7;12;8;8;8;16
2020-03-24;7;7;n/d;11;8;10;9;11;8;12;11;7;8;12
2020-03-24;8;10;n/d;11;7;8;12;10;10;12;11;8;11;12
2020-03-24;9;10;n/d;12;10;6;13;8;11;15;8;9;10;11
2020-03-24;10;10;n/d;9;10;6;9;7;9;11;6;7;7;9
2020-03-24;11;8;n/d;9;10;4;7;6;7;9;7;6;6;9
2020-03-24;12;7;n/d;8;8;7;8;9;8;7;12;8;9;11
2020-03-24;13;9;n/d;7;9;6;10;5;11;7;12;7;9;10
2020-03-24;14;11;n/d;9;8;9;7;9;13;8;9;n/d;5;8
2020-03-24;15;6;n/d;9;8;7;13;6;8;7;6;5;7;9
2020-03-24;16;8;n/d;8;5;5;10;6;6;7;7;4;7;7
2020-03-24;17;10;n/d;7;8;5;9;17;7;9;13;7;6;9
2020-03-24;18;11;n/d;6;9;7;8;10;9;9;11;7;10;10
2020-03-24;19;11;n/d;21;10;7;16;13;12;8;13;9;12;17
2020-03-24;20;12;n/d;14;12;6;12;13;14;11;20;13;10;12
2020-03-24;21;12;n/d;14;15;4;12;9;15;13;14;14;12;14
2020-03-24;22;12;n/d;15;14;8;11;11;17;13;13;14;11;13
2020-03-24;23;11;n/d;12;15;14;10;12;14;11;11;17;11;12
2020-03-24;24;12;n/d;14;15;10;10;16;12;15;15;11;12;14
2020-03-25;1;14;n/d;15;12;12;11;9;14;13;13;16;14;15
2020-03-25;2;14;n/d;15;12;12;15;11;15;16;12;12;12;15
2020-03-25;3;13;n/d;13;18;11;17;16;10;13;15;13;11;12
2020-03-25;4;13;n/d;15;14;16;10;13;15;16;16;11;14;14
2020-03-25;5;12;n/d;17;19;12;11;11;14;14;16;13;11;14
2020-03-25;6;13;n/d;18;13;12;16;14;19;14;17;15;13;20
2020-03-25;7;14;n/d;16;16;15;22;11;20;17;16;12;15;22
2020-03-25;8;16;n/d;14;21;16;15;16;18;15;20;14;14;21
2020-03-25;9;18;n/d;18;14;16;13;15;16;n/d;17;12;11;16
2020-03-25;10;16;n/d;18;13;11;23;16;14;n/d;16;16;11;16
2020-03-25;11;19;n/d;16;14;9;19;15;18;n/d;22;14;12;18
2020-03-25;12;19;n/d;14;17;11;15;19;15;n/d;20;13;12;18
2020-03-25;13;16;n/d;15;14;12;19;12;13;18;15;12;9;17
2020-03-25;14;16;n/d;12;13;14;8;16;12;14;14;14;14;16
2020-03-25;15;14;n/d;15;12;11;12;18;11;14;13;13;10;16
2020-03-25;16;18;n/d;14;15;9;18;25;14;16;20;13;7;14
2020-03-25;17;14;n/d;15;13;14;20;19;19;14;16;16;11;14
2020-03-25;18;14;n/d;17;14;15;15;18;13;15;17;17;10;17
2020-03-25;19;15;n/d;25;25;14;16;15;19;24;22;25;19;23
2020-03-25;20;24;n/d;23;26;14;17;17;25;27;23;26;22;29
2020-03-25;21;25;n/d;26;28;13;17;20;26;32;24;19;25;26
2020-03-25;22;26;n/d;27;22;11;12;21;27;37;29;25;26;27
2020-03-25;23;22;n/d;21;20;13;18;17;26;26;23;19;24;22
2020-03-25;24;19;n/d;20;21;12;11;18;21;25;17;17;14;19
2020-03-26;1;17;n/d;17;14;12;15;16;19;21;30;18;12;21
2020-03-26;2;17;n/d;13;13;12;14;15;16;11;13;18;14;15
2020-03-26;3;14;n/d;15;18;13;12;19;17;14;22;16;14;15
2020-03-26;4;16;n/d;20;17;12;17;15;19;17;20;19;17;18
2020-03-26;5;15;n/d;16;15;14;15;14;15;16;19;17;21;14
2020-03-26;6;14;n/d;16;15;13;20;16;18;21;17;19;18;20
2020-03-26;7;17;n/d;20;19;14;20;15;18;16;24;15;17;22
2020-03-26;8;18;n/d;18;18;15;19;16;18;21;17;17;15;19
2020-03-26;9;n/d;n/d;20;19;13;26;16;14;16;21;17;16;18
2020-03-26;10;19;n/d;18;16;11;22;23;17;20;18;14;12;17
2020-03-26;11;17;n/d;16;15;15;19;22;17;18;19;12;15;18
2020-03-26;12;16;n/d;15;14;11;14;24;15;18;14;14;16;19
2020-03-26;13;12;n/d;16;12;13;15;27;14;13;20;12;15;14
2020-03-26;14;13;n/d;16;14;15;18;18;12;15;16;10;17;19
2020-03-26;15;14;n/d;16;11;13;16;20;15;17;19;9;13;14
2020-03-26;16;12;n/d;15;14;11;13;21;11;15;17;11;16;19
2020-03-26;17;14;n/d;12;13;14;17;23;11;19;13;11;13;15
2020-03-26;18;11;n/d;12;13;11;15;19;11;20;18;16;14;13
2020-03-26;19;12;n/d;17;16;8;21;28;20;24;17;11;15;20
2020-03-26;20;16;n/d;19;17;15;24;19;23;25;22;14;18;23
2020-03-26;21;16;n/d;24;24;17;21;19;26;26;15;20;24;24
2020-03-26;22;18;n/d;21;22;12;18;22;22;29;18;25;24;20
2020-03-26;23;19;n/d;27;24;20;23;31;18;22;24;26;26;19
2020-03-26;24;22;n/d;28;22;14;22;25;24;19;25;23;33;24
2020-03-27;1;23;n/d;25;24;19;24;27;25;24;28;25;33;21
2020-03-27;2;22;n/d;21;23;16;22;27;24;22;26;21;24;24
2020-03-27;3;21;n/d;21;23;15;21;23;25;24;27;20;22;22
2020-03-27;4;19;n/d;21;23;14;19;27;24;21;29;20;24;23
2020-03-27;5;22;n/d;21;26;16;18;25;20;24;28;24;21;25
2020-03-27;6;24;n/d;24;24;17;20;24;23;23;29;27;22;26
2020-03-27;7;23;n/d;27;29;19;20;22;24;25;30;23;21;27
2020-03-27;8;26;n/d;30;32;15;22;24;28;31;33;31;23;30
2020-03-27;9;28;n/d;28;28;16;20;24;30;28;33;30;22;27
2020-03-27;10;27;n/d;30;25;15;21;27;30;23;29;26;21;27
2020-03-27;11;28;n/d;24;24;14;24;22;25;24;29;24;23;24
2020-03-27;12;26;30;23;25;13;19;22;20;24;30;24;19;22
2020-03-27;13;21;29;20;21;11;21;25;24;19;25;23;24;19
2020-03-27;14;20;27;25;19;21;25;31;23;20;19;29;21;24
2020-03-27;15;31;28;28;22;21;23;22;25;23;28;24;24;28
2020-03-27;16;23;31;25;25;19;23;26;22;23;24;22;20;23
2020-03-27;17;32;31;31;30;23;26;25;28;27;32;25;24;30
2020-03-27;18;31;34;30;30;18;27;25;28;29;30;28;27;31
2020-03-27;19;30;36;32;33;20;63;30;31;34;39;33;34;30
2020-03-27;20;33;41;31;41;20;50;30;35;37;33;33;35;32
2020-03-27;21;38;43;36;42;24;54;35;39;29;40;36;45;41
2020-03-27;22;36;45;41;35;25;49;44;39;36;43;37;42;38
2020-03-27;23;41;47;39;38;33;54;42;47;40;48;39;38;50
2020-03-27;24;42;52;43;47;37;67;42;43;42;51;48;39;43
2020-03-28;1;44;56;44;46;39;64;43;49;44;51;44;40;42
2020-03-28;2;49;57;49;48;41;66;47;49;47;54;47;45;47
2020-03-28;3;49;58;45;52;45;50;42;50;51;54;47;45;52
2020-03-28;4;52;59;52;51;48;56;50;52;54;53;54;45;52
2020-03-28;5;54;60;55;52;45;51;52;57;56;54;55;48;57
2020-03-28;6;57;60;52;61;48;52;52;56;74;61;58;44;59
2020-03-28;7;58;64;54;61;52;50;51;57;58;61;56;48;63
2020-03-28;8;58;67;57;59;52;57;58;58;64;57;59;50;60
2020-03-28;9;60;70;56;54;50;56;58;60;60;62;50;55;59
2020-03-28;10;60;67;52;55;45;54;57;56;55;59;48;48;55
2020-03-28;11;58;63;49;47;34;50;46;52;50;58;47;44;55
2020-03-28;12;54;61;46;47;31;41;47;48;45;51;45;47;50
2020-03-28;13;52;56;45;49;25;40;35;46;41;49;44;42;51
2020-03-28;14;51;56;47;40;32;38;39;42;45;39;47;40;42
2020-03-28;15;50;57;51;47;32;41;45;43;41;44;45;35;44
2020-03-28;16;52;57;43;45;37;40;43;42;42;45;42;45;42
2020-03-28;17;51;54;43;41;37;43;49;44;42;41;36;42;45
2020-03-28;18;45;50;38;40;43;39;49;43;44;41;33;44;40
2020-03-28;19;38;39;27;30;41;45;48;37;37;32;25;38;33
2020-03-28;20;31;27;18;21;38;30;39;28;25;22;12;29;27
2020-03-28;21;21;16;10;7;31;27;27;12;16;15;12;17;15
2020-03-28;22;11;12;7;11;15;19;20;9;16;11;10;11;11
2020-03-28;23;11;12;9;9;16;15;9;11;12;12;9;9;13
2020-03-28;24;10;11;9;8;8;11;11;14;10;9;10;7;10
2020-03-29;1;9;11;11;7;5;11;12;10;9;9;9;4;10
2020-03-29;2;9;10;8;4;4;10;13;11;11;12;7;8;9
2020-03-29;3;7;7;6;4;5;11;13;10;7;8;7;6;8
2020-03-29;4;5;9;9;9;7;8;8;9;6;6;5;5;7
2020-03-29;5;5;7;7;9;5;7;8;7;7;9;4;6;5
2020-03-29;6;5;7;8;5;5;6;6;5;6;8;4;6;7
2020-03-29;7;5;9;10;4;5;8;8;5;5;12;3;3;9
2020-03-29;8;6;9;16;6;7;11;7;7;8;9;6;3;6
2020-03-29;9;6;9;11;4;6;9;8;8;7;7;5;5;6
2020-03-29;10;5;7;8;2;3;9;5;7;6;7;2;5;11
2020-03-29;11;8;6;7;3;2;11;5;8;6;13;4;4;9
2020-03-29;12;8;6;7;2;4;8;3;8;9;8;9;7;7
2020-03-29;13;7;5;6;2;5;8;2;8;9;7;9;7;7
2020-03-29;14;n/d;6;5;5;3;4;4;7;7;3;5;7;8
2020-03-29;15;4;5;6;1;2;2;9;4;9;3;4;5;5
2020-03-29;16;5;6;6;2;3;3;6;5;9;4;5;3;6
2020-03-29;17;7;6;9;5;3;4;2;6;7;7;6;7;8
2020-03-29;18;5;7;8;8;4;6;6;5;8;8;6;7;6
2020-03-29;19;6;7;8;5;4;7;5;7;9;13;7;9;7
2020-03-29;20;5;7;9;7;6;5;5;7;7;8;6;8;9
2020-03-29;21;5;6;8;5;5;6;6;9;5;7;4;6;7
2020-03-29;22;6;5;7;2;4;5;5;8;5;9;5;4;4
2020-03-29;23;3;5;8;3;5;6;8;9;6;6;5;3;3
2020-03-29;24;5;5;7;3;4;5;5;10;7;11;5;4;8
2020-03-30;1;4;5;6;3;4;7;3;7;6;6;4;5;6
2020-03-30;2;5;5;5;4;2;4;3;7;6;5;3;6;4
2020-03-30;3;4;4;3;4;2;2;3;5;7;7;3;6;5
2020-03-30;4;3;5;6;5;3;3;3;4;6;14;4;3;6
2020-03-30;5;5;4;5;6;4;3;5;4;7;10;6;1;7
2020-03-30;6;4;4;4;7;3;6;5;3;7;9;5;6;7
2020-03-30;7;5;4;4;4;1;4;6;4;4;12;3;5;5
2020-03-30;8;5;4;4;4;1;6;4;6;4;10;3;3;7
2020-03-30;9;5;3;7;4;2;5;4;6;5;7;2;2;7
2020-03-30;10;4;3;6;5;7;4;3;5;5;7;1;4;n/d
2020-03-30;11;5;4;3;5;5;8;4;6;5;5;4;5;5
2020-03-30;12;3;4;2;3;1;8;5;6;5;9;3;3;5
2020-03-30;13;6;4;1;5;0;6;4;6;3;7;4;2;7
2020-03-30;14;8;4;2;7;1;8;4;4;4;12;6;3;6
2020-03-30;15;5;4;5;6;3;6;5;3;9;6;7;4;4
2020-03-30;16;3;4;4;5;3;3;5;5;9;4;4;4;8
2020-03-30;17;5;4;6;5;1;3;3;7;7;6;2;6;6
2020-03-30;18;4;4;7;7;1;6;4;8;8;6;5;6;5
2020-03-30;19;6;6;9;6;0;5;8;8;10;7;7;7;7
2020-03-30;20;7;9;9;9;0;8;7;8;11;15;10;7;12
2020-03-30;21;8;11;10;8;3;11;10;10;15;9;12;8;13
2020-03-30;22;10;14;13;15;5;9;7;11;13;14;12;7;9
2020-03-30;23;9;15;11;9;6;6;8;14;13;17;11;14;13
2020-03-30;24;12;12;12;11;4;8;7;12;11;13;8;13;9
2020-03-31;1;11;11;12;10;4;7;9;12;14;15;8;12;13
2020-03-31;2;11;11;12;11;4;9;10;13;14;11;7;17;15
2020-03-31;3;11;10;11;11;5;12;13;14;18;13;10;8;13
2020-03-31;4;12;11;10;10;9;11;14;14;14;16;9;9;14
2020-03-31;5;12;12;11;12;9;16;14;9;13;20;9;11;18
2020-03-31;6;14;13;13;15;12;15;15;17;13;18;12;11;14
2020-03-31;7;15;14;12;15;14;16;13;15;18;13;10;14;21
2020-03-31;8;17;16;14;21;12;23;19;11;16;14;15;15;17
2020-03-31;9;14;14;9;10;11;10;12;12;15;22;11;12;11
2020-03-31;10;11;11;10;9;8;12;14;10;13;15;12;9;11
2020-03-31;11;11;10;9;7;9;11;12;10;10;9;11;11;12
2020-03-31;12;10;9;10;11;6;11;8;9;10;11;8;8;10
2020-03-31;13;8;10;9;9;5;10;7;10;8;14;6;5;9
2020-03-31;14;9;9;13;7;6;9;6;9;9;10;9;4;9
2020-03-31;15;10;11;13;8;7;10;8;10;7;10;9;12;9
2020-03-31;16;9;12;12;12;5;11;7;10;9;16;15;10;9
2020-03-31;17;8;12;10;13;2;8;6;8;10;14;13;9;10
2020-03-31;18;8;13;12;9;7;10;9;5;10;11;12;8;10
2020-03-31;19;8;16;19;15;11;17;10;15;8;15;16;5;8
2020-03-31;20;17;23;19;19;11;19;18;23;22;20;17;11;21
2020-03-31;21;21;24;19;21;10;13;13;19;25;20;21;23;20
2020-03-31;22;21;24;24;23;11;16;15;19;24;20;21;19;21
2020-03-31;23;20;21;16;16;9;17;19;20;18;18;20;17;20
2020-03-31;24;19;19;20;12;12;16;21;27;16;13;22;21;16
2020-04-01;1;17;18;16;13;11;18;22;16;18;15;18;18;18
2020-04-01;2;17;17;14;15;13;19;18;19;14;16;19;19;14
2020-04-01;3;18;18;14;16;16;14;19;17;n/d;8;19;16;17
2020-04-01;4;16;19;17;18;7;15;21;20;19;18;18;19;24
2020-04-01;5;17;19;23;17;10;10;17;17;17;19;16;18;16
2020-04-01;6;19;19;18;18;7;12;19;20;19;24;18;21;21
2020-04-01;7;21;20;21;21;11;11;15;21;17;24;22;n/d;23
2020-04-01;8;17;20;20;21;8;12;9;21;18;26;16;n/d;21
2020-04-01;9;n/d;19;17;18;6;14;17;15;17;23;17;n/d;22
2020-04-01;10;n/d;17;15;15;4;11;n/d;12;12;17;12;n/d;14
2020-04-01;11;n/d;13;13;13;4;12;n/d;9;9;11;12;10;9
2020-04-01;12;n/d;12;9;11;5;12;n/d;7;9;14;9;12;12
2020-04-01;13;n/d;12;9;10;6;9;17;12;8;12;7;11;9
2020-04-01;14;11;14;10;12;7;9;6;9;8;14;13;10;11
2020-04-01;15;12;15;14;14;7;10;8;10;8;14;12;8;13
2020-04-01;16;13;17;14;13;8;9;9;8;13;13;12;11;18
2020-04-01;17;17;19;15;11;8;11;12;11;17;16;18;11;19
2020-04-01;18;16;19;19;14;8;12;12;18;16;17;16;16;15
2020-04-01;19;17;23;19;24;11;16;14;20;20;17;17;14;25
2020-04-01;20;21;25;20;21;10;22;15;24;25;24;19;19;25
2020-04-01;21;23;24;22;23;14;20;17;24;18;26;22;21;20
2020-04-01;22;24;22;19;25;13;21;21;21;17;27;14;22;25
2020-04-01;23;21;20;17;20;12;24;23;20;21;21;19;20;19
2020-04-01;24;19;17;17;15;13;24;24;19;19;19;15;21;17
2020-04-02;1;16;16;14;12;15;22;17;16;20;18;13;18;15
2020-04-02;2;16;16;12;17;15;14;20;14;16;16;17;15;14
2020-04-02;3;16;16;16;14;13;14;16;17;16;18;11;16;12
2020-04-02;4;15;17;15;15;16;14;17;10;20;29;16;12;17
2020-04-02;5;18;16;11;20;17;23;19;18;17;20;16;14;20
2020-04-02;6;18;17;18;17;18;16;18;13;22;17;15;11;21
2020-04-02;7;18;18;15;18;17;25;23;16;19;20;11;12;17
2020-04-02;8;17;17;14;19;21;25;24;17;16;22;12;14;16
2020-04-02;9;16;12;9;12;19;21;20;13;8;20;8;8;9
2020-04-02;10;11;10;8;10;16;16;8;9;12;14;7;8;10
2020-04-02;11;11;13;8;12;7;12;8;8;13;13;9;8;11
2020-04-02;12;12;13;9;13;6;11;14;10;12;12;11;8;12
2020-04-02;13;11;13;11;14;8;9;11;10;10;10;11;10;13
2020-04-02;14;13;15;14;11;7;16;8;11;11;15;10;7;10
2020-04-02;15;15;16;14;13;11;17;9;10;12;12;8;9;15
2020-04-02;16;14;17;11;15;11;15;15;11;14;14;9;12;14
2020-04-02;17;15;16;9;12;8;11;12;15;14;20;9;16;14
2020-04-02;18;14;10;8;15;10;14;15;12;14;15;6;11;13
2020-04-02;19;10;9;9;11;9;13;13;10;10;9;6;10;8
2020-04-02;20;8;10;8;11;11;19;15;12;9;8;8;8;8
2020-04-02;21;8;10;11;9;17;26;16;8;8;16;7;6;8
2020-04-02;22;9;14;11;15;15;23;10;9;9;11;10;13;10
2020-04-02;23;11;14;19;13;18;22;8;14;9;12;11;8;11
2020-04-02;24;11;12;15;8;10;18;6;12;9;11;10;11;9
2020-04-03;1;11;11;11;8;8;18;10;10;11;13;13;13;9
2020-04-03;2;11;11;11;14;13;17;10;10;10;11;11;9;11
2020-04-03;3;10;11;10;12;8;15;10;11;11;10;9;6;11
2020-04-03;4;11;12;12;12;7;14;8;10;9;14;9;9;11
2020-04-03;5;11;13;15;21;7;15;9;10;12;16;10;8;11
2020-04-03;6;12;14;12;22;10;15;14;9;14;17;11;7;12
2020-04-03;7;12;16;13;22;10;18;9;15;16;12;9;11;13
2020-04-03;8;13;18;13;22;10;16;9;16;16;15;12;12;16
2020-04-03;9;14;20;17;14;8;18;11;14;17;14;13;8;15
2020-04-03;10;17;18;18;18;7;18;12;17;14;14;11;8;18
2020-04-03;11;18;16;13;17;5;20;11;11;14;16;12;6;11
2020-04-03;12;15;14;9;12;10;11;8;9;12;11;10;7;8
2020-04-03;13;10;10;12;12;8;9;5;8;8;16;8;5;10
2020-04-03;14;9;9;10;12;6;10;4;8;9;8;6;6;9
2020-04-03;15;8;7;7;6;4;11;5;8;8;9;6;3;7
2020-04-03;16;7;8;7;8;2;11;5;9;7;9;6;3;7
2020-04-03;17;9;9;9;7;4;15;5;7;7;16;7;7;7
2020-04-03;18;10;10;11;8;6;13;10;7;8;13;12;5;7
2020-04-03;19;12;12;10;9;8;17;8;11;8;17;9;9;9
2020-04-03;20;14;14;11;10;10;22;8;12;14;13;17;12;14
2020-04-03;21;12;18;13;17;7;14;7;18;13;17;8;12;15
2020-04-03;22;13;22;26;12;13;25;9;26;23;22;10;12;22
2020-04-03;23;16;16;17;20;8;25;13;21;18;30;11;19;19
2020-04-03;24;16;15;16;12;7;24;10;17;10;22;9;19;15
2020-04-04;1;15;14;13;12;7;18;10;17;13;23;10;18;13
2020-04-04;2;15;14;13;14;8;14;15;11;12;23;9;13;11
2020-04-04;3;15;19;10;11;7;20;11;17;11;22;7;15;16
2020-04-04;4;14;23;12;14;7;15;8;15;13;23;7;17;19
2020-04-04;5;12;17;9;18;7;18;13;15;13;22;8;17;12
2020-04-04;6;11;13;11;17;6;19;15;14;15;24;12;12;14
2020-04-04;7;15;14;12;13;11;18;17;15;14;26;10;10;21
2020-04-04;8;20;17;20;21;8;18;17;20;21;20;20;11;26
2020-04-04;9;23;21;30;24;12;14;13;18;19;20;18;6;22
2020-04-04;10;20;20;21;12;9;9;16;14;12;14;n/d;10;15
2020-04-04;11;16;13;16;7;6;9;7;10;11;13;11;6;12
2020-04-04;12;11;9;9;3;4;11;8;6;8;10;7;4;7
2020-04-04;13;7;8;7;4;3;8;6;3;4;8;7;2;4
2020-04-04;14;6;6;8;4;3;9;4;8;7;8;10;1;5
2020-04-04;15;7;7;8;3;2;8;7;7;7;10;8;6;7
2020-04-04;16;6;6;7;7;0;8;8;6;10;7;7;4;8
2020-04-04;17;7;6;6;7;3;n/d;7;8;9;9;8;5;5
2020-04-04;18;8;7;n/d;6;5;n/d;5;8;8;10;9;7;7
2020-04-04;19;6;10;n/d;7;6;8;5;6;12;7;n/d;6;10
2020-04-04;20;7;8;4;9;6;13;8;7;11;10;8;5;11
2020-04-04;21;9;12;7;13;6;11;10;8;9;9;8;3;13
2020-04-04;22;12;12;7;11;6;13;6;11;11;10;5;5;11
2020-04-04;23;9;12;6;13;4;11;8;11;11;13;6;8;8
2020-04-04;24;9;11;6;14;10;12;8;11;11;12;6;12;10
