date;heure;RUR-SE;AUT;VITRY;NEUIL;AUB;EIFF3
;;microg/m3;microg/m3;microg/m3;microg/m3;microg/m3;microg/m3
2020-01-25;1;1;2;2;2;1;n/d
2020-01-25;2;1;2;2;2;2;n/d
2020-01-25;3;1;1;2;2;2;n/d
2020-01-25;4;1;3;2;2;2;n/d
2020-01-25;5;1;6;2;2;1;n/d
2020-01-25;6;1;6;2;1;1;n/d
2020-01-25;7;1;4;1;1;1;n/d
2020-01-25;8;1;2;1;1;1;n/d
2020-01-25;9;1;1;1;1;1;n/d
2020-01-25;10;1;1;1;1;1;n/d
2020-01-25;11;1;2;2;2;1;n/d
2020-01-25;12;1;3;2;3;1;n/d
2020-01-25;13;1;4;2;3;2;n/d
2020-01-25;14;1;4;3;3;2;n/d
2020-01-25;15;1;4;3;4;2;n/d
2020-01-25;16;1;4;2;4;3;n/d
2020-01-25;17;1;4;2;3;2;n/d
2020-01-25;18;1;4;2;3;2;n/d
2020-01-25;19;1;3;2;2;2;n/d
2020-01-25;20;1;3;2;3;3;n/d
2020-01-25;21;1;4;2;3;4;n/d
2020-01-25;22;1;5;3;4;4;n/d
2020-01-25;23;1;6;2;4;5;n/d
2020-01-25;24;1;4;2;4;5;n/d
2020-01-26;1;1;2;0;2;3;n/d
2020-01-26;2;1;2;0;1;3;n/d
2020-01-26;3;1;1;0;2;2;n/d
2020-01-26;4;1;2;0;1;1;n/d
2020-01-26;5;1;1;0;1;0;n/d
2020-01-26;6;1;1;0;1;0;n/d
2020-01-26;7;1;1;0;1;0;n/d
2020-01-26;8;1;1;0;2;0;n/d
2020-01-26;9;1;2;0;1;0;n/d
2020-01-26;10;1;2;0;1;0;n/d
2020-01-26;11;1;2;0;1;0;n/d
2020-01-26;12;1;2;0;1;0;n/d
2020-01-26;13;1;1;0;1;0;n/d
2020-01-26;14;1;0;0;1;0;n/d
2020-01-26;15;1;1;0;1;0;n/d
2020-01-26;16;0;1;0;1;0;n/d
2020-01-26;17;0;0;0;1;0;n/d
2020-01-26;18;1;0;0;1;0;n/d
2020-01-26;19;1;1;0;1;0;n/d
2020-01-26;20;1;1;0;1;0;n/d
2020-01-26;21;1;1;0;1;0;n/d
2020-01-26;22;1;0;1;1;0;n/d
2020-01-26;23;1;0;0;0;0;n/d
2020-01-26;24;1;0;0;0;0;n/d
2020-01-27;1;1;0;1;0;2;n/d
2020-01-27;2;1;1;1;0;2;n/d
2020-01-27;3;0;1;1;0;2;n/d
2020-01-27;4;0;1;1;0;2;n/d
2020-01-27;5;0;1;1;0;1;n/d
2020-01-27;6;0;2;1;0;1;n/d
2020-01-27;7;1;2;2;0;2;n/d
2020-01-27;8;1;2;2;0;2;n/d
2020-01-27;9;1;2;2;0;2;n/d
2020-01-27;10;1;n/d;2;n/d;2;n/d
2020-01-27;11;1;2;2;0;2;n/d
2020-01-27;12;1;2;2;0;2;n/d
2020-01-27;13;1;2;2;n/d;2;n/d
2020-01-27;14;1;3;2;n/d;2;n/d
2020-01-27;15;1;3;2;n/d;2;n/d
2020-01-27;16;1;2;2;0;2;n/d
2020-01-27;17;1;2;2;0;1;n/d
2020-01-27;18;1;2;2;0;2;n/d
2020-01-27;19;1;2;2;0;2;n/d
2020-01-27;20;1;2;2;0;2;n/d
2020-01-27;21;1;2;3;0;2;n/d
2020-01-27;22;1;0;3;0;1;n/d
2020-01-27;23;1;0;3;0;2;n/d
2020-01-27;24;1;0;3;0;2;n/d
2020-01-28;1;1;0;0;0;0;n/d
2020-01-28;2;1;0;0;0;0;n/d
2020-01-28;3;1;0;0;0;0;n/d
2020-01-28;4;1;0;0;0;0;n/d
2020-01-28;5;1;0;1;0;1;n/d
2020-01-28;6;1;0;1;0;0;n/d
2020-01-28;7;1;0;1;1;0;n/d
2020-01-28;8;1;0;1;1;0;n/d
2020-01-28;9;1;0;1;n/d;0;n/d
2020-01-28;10;1;0;0;1;1;n/d
2020-01-28;11;1;0;0;1;0;n/d
2020-01-28;12;1;0;0;1;0;n/d
2020-01-28;13;1;0;0;1;0;n/d
2020-01-28;14;1;0;0;1;0;n/d
2020-01-28;15;1;0;0;1;0;n/d
2020-01-28;16;1;0;0;1;1;n/d
2020-01-28;17;1;0;1;1;0;n/d
2020-01-28;18;1;0;0;0;0;n/d
2020-01-28;19;1;0;0;0;0;n/d
2020-01-28;20;1;0;0;0;0;n/d
2020-01-28;21;1;0;0;0;0;n/d
2020-01-28;22;1;0;0;0;0;n/d
2020-01-28;23;1;0;0;0;0;n/d
2020-01-28;24;1;0;0;0;0;n/d
2020-01-29;1;1;0;1;0;0;n/d
2020-01-29;2;0;0;2;0;0;n/d
2020-01-29;3;0;0;2;0;0;n/d
2020-01-29;4;0;0;2;1;0;n/d
2020-01-29;5;0;0;2;1;0;n/d
2020-01-29;6;0;1;2;1;0;n/d
2020-01-29;7;0;1;2;1;0;n/d
2020-01-29;8;0;1;2;1;0;n/d
2020-01-29;9;0;1;2;1;0;n/d
2020-01-29;10;0;0;2;1;0;n/d
2020-01-29;11;1;1;n/d;1;0;n/d
2020-01-29;12;1;1;n/d;2;0;n/d
2020-01-29;13;0;1;n/d;2;0;n/d
2020-01-29;14;1;1;n/d;2;0;n/d
2020-01-29;15;1;0;n/d;2;0;n/d
2020-01-29;16;1;0;n/d;2;0;n/d
2020-01-29;17;1;0;n/d;1;0;n/d
2020-01-29;18;1;0;3;1;0;n/d
2020-01-29;19;1;1;3;1;0;n/d
2020-01-29;20;1;1;3;1;0;n/d
2020-01-29;21;1;1;3;1;0;n/d
2020-01-29;22;1;1;3;1;0;n/d
2020-01-29;23;1;0;3;1;0;n/d
2020-01-29;24;1;0;3;1;0;n/d
2020-01-30;1;1;0;0;0;0;n/d
2020-01-30;2;1;0;1;1;0;n/d
2020-01-30;3;1;0;1;0;0;n/d
2020-01-30;4;1;0;1;0;0;n/d
2020-01-30;5;1;0;0;0;0;n/d
2020-01-30;6;1;0;0;0;0;n/d
2020-01-30;7;0;0;1;0;0;n/d
2020-01-30;8;0;0;1;1;0;n/d
2020-01-30;9;1;0;1;1;0;n/d
2020-01-30;10;1;0;1;1;0;n/d
2020-01-30;11;0;0;0;1;0;n/d
2020-01-30;12;0;0;0;0;0;n/d
2020-01-30;13;1;0;0;1;0;n/d
2020-01-30;14;1;0;0;0;0;n/d
2020-01-30;15;1;1;0;0;0;n/d
2020-01-30;16;1;0;0;0;0;n/d
2020-01-30;17;1;0;0;0;0;n/d
2020-01-30;18;1;0;0;0;0;n/d
2020-01-30;19;1;0;0;0;0;n/d
2020-01-30;20;1;0;0;0;0;n/d
2020-01-30;21;1;0;0;0;0;n/d
2020-01-30;22;1;0;0;0;0;n/d
2020-01-30;23;0;0;0;0;0;n/d
2020-01-30;24;0;0;1;0;0;n/d
2020-01-31;1;0;1;0;1;0;n/d
2020-01-31;2;0;0;0;0;0;n/d
2020-01-31;3;1;0;0;0;0;n/d
2020-01-31;4;1;0;0;0;0;n/d
2020-01-31;5;1;1;0;0;0;n/d
2020-01-31;6;1;2;0;0;0;n/d
2020-01-31;7;1;2;0;0;0;n/d
2020-01-31;8;1;2;0;0;0;n/d
2020-01-31;9;1;2;0;1;0;n/d
2020-01-31;10;1;3;0;1;0;n/d
2020-01-31;11;0;2;0;1;0;n/d
2020-01-31;12;0;1;0;1;0;n/d
2020-01-31;13;1;1;0;1;0;n/d
2020-01-31;14;0;1;0;1;0;n/d
2020-01-31;15;0;1;0;1;0;n/d
2020-01-31;16;0;1;0;1;0;n/d
2020-01-31;17;0;1;0;1;0;n/d
2020-01-31;18;0;1;0;1;0;n/d
2020-01-31;19;0;1;0;1;0;n/d
2020-01-31;20;0;1;0;1;0;n/d
2020-01-31;21;1;1;0;1;0;n/d
2020-01-31;22;0;1;0;0;0;n/d
2020-01-31;23;0;1;0;0;0;n/d
2020-01-31;24;0;1;0;1;0;n/d
2020-02-01;1;0;0;0;0;0;n/d
2020-02-01;2;0;0;0;1;0;n/d
2020-02-01;3;0;0;0;0;0;n/d
2020-02-01;4;0;1;0;0;0;n/d
2020-02-01;5;0;0;0;0;0;n/d
2020-02-01;6;0;0;0;0;0;n/d
2020-02-01;7;1;0;0;0;0;n/d
2020-02-01;8;1;0;0;0;0;n/d
2020-02-01;9;1;0;0;0;1;n/d
2020-02-01;10;0;1;0;0;0;n/d
2020-02-01;11;1;1;0;0;0;n/d
2020-02-01;12;1;1;1;0;2;n/d
2020-02-01;13;1;1;1;1;1;n/d
2020-02-01;14;1;1;1;1;1;n/d
2020-02-01;15;1;1;1;1;0;n/d
2020-02-01;16;0;1;1;1;1;n/d
2020-02-01;17;0;1;1;1;1;n/d
2020-02-01;18;0;1;1;1;0;n/d
2020-02-01;19;1;1;1;1;0;n/d
2020-02-01;20;1;1;1;1;1;n/d
2020-02-01;21;1;1;1;0;0;n/d
2020-02-01;22;1;1;1;0;0;n/d
2020-02-01;23;1;1;1;0;0;n/d
2020-02-01;24;1;1;1;0;1;n/d
2020-02-02;1;1;1;0;0;1;n/d
2020-02-02;2;0;1;0;0;0;n/d
2020-02-02;3;0;0;0;0;0;n/d
2020-02-02;4;1;0;0;0;1;n/d
2020-02-02;5;0;1;0;0;0;n/d
2020-02-02;6;1;0;0;0;0;n/d
2020-02-02;7;1;1;0;0;0;n/d
2020-02-02;8;1;0;0;0;0;n/d
2020-02-02;9;1;1;0;0;0;n/d
2020-02-02;10;1;1;0;0;1;n/d
2020-02-02;11;1;1;0;0;1;n/d
2020-02-02;12;1;1;0;0;1;n/d
2020-02-02;13;0;1;0;0;1;n/d
2020-02-02;14;1;1;0;0;0;n/d
2020-02-02;15;0;2;0;0;1;n/d
2020-02-02;16;0;2;0;0;1;n/d
2020-02-02;17;0;2;0;0;0;n/d
2020-02-02;18;0;2;0;0;1;n/d
2020-02-02;19;0;2;0;0;1;n/d
2020-02-02;20;0;2;0;0;1;n/d
2020-02-02;21;0;1;0;0;1;n/d
2020-02-02;22;0;1;0;0;1;n/d
2020-02-02;23;0;1;1;0;1;n/d
2020-02-02;24;0;1;1;0;0;n/d
2020-02-03;1;1;0;0;0;1;n/d
2020-02-03;2;1;0;0;0;0;n/d
2020-02-03;3;0;0;0;0;1;n/d
2020-02-03;4;0;0;0;0;1;n/d
2020-02-03;5;1;0;0;0;1;n/d
2020-02-03;6;0;1;0;0;1;n/d
2020-02-03;7;1;1;0;0;1;n/d
2020-02-03;8;0;1;0;0;1;n/d
2020-02-03;9;0;1;0;0;2;n/d
2020-02-03;10;0;1;0;0;1;n/d
2020-02-03;11;1;1;0;0;1;n/d
2020-02-03;12;0;1;0;0;1;n/d
2020-02-03;13;1;1;0;0;1;n/d
2020-02-03;14;1;1;0;0;n/d;n/d
2020-02-03;15;1;1;0;1;1;n/d
2020-02-03;16;1;1;0;0;1;n/d
2020-02-03;17;0;0;0;0;1;n/d
2020-02-03;18;1;0;0;0;1;n/d
2020-02-03;19;1;0;0;0;0;n/d
2020-02-03;20;0;0;0;0;1;n/d
2020-02-03;21;1;0;0;0;1;n/d
2020-02-03;22;1;0;0;0;0;n/d
2020-02-03;23;1;0;0;0;0;n/d
2020-02-03;24;1;1;0;0;0;n/d
2020-02-04;1;1;1;0;0;2;n/d
2020-02-04;2;1;0;0;0;3;n/d
2020-02-04;3;1;0;0;0;3;n/d
2020-02-04;4;1;0;0;0;5;n/d
2020-02-04;5;1;0;0;0;3;n/d
2020-02-04;6;1;0;0;0;1;n/d
2020-02-04;7;1;1;0;0;2;n/d
2020-02-04;8;1;0;0;0;2;n/d
2020-02-04;9;1;0;0;0;2;n/d
2020-02-04;10;1;0;0;0;2;n/d
2020-02-04;11;1;0;0;0;3;n/d
2020-02-04;12;1;0;0;1;2;n/d
2020-02-04;13;1;0;0;0;1;n/d
2020-02-04;14;1;1;0;1;1;n/d
2020-02-04;15;1;1;0;0;1;n/d
2020-02-04;16;1;1;0;0;1;n/d
2020-02-04;17;1;1;0;0;1;n/d
2020-02-04;18;1;1;0;0;1;n/d
2020-02-04;19;1;1;0;0;1;n/d
2020-02-04;20;1;1;0;0;1;n/d
2020-02-04;21;1;1;0;0;1;n/d
2020-02-04;22;1;1;0;0;1;n/d
2020-02-04;23;1;1;0;0;1;n/d
2020-02-04;24;1;1;0;0;1;n/d
2020-02-05;1;1;0;2;0;0;n/d
2020-02-05;2;1;0;2;0;0;n/d
2020-02-05;3;1;0;2;0;0;n/d
2020-02-05;4;1;0;3;0;1;n/d
2020-02-05;5;1;0;3;0;0;n/d
2020-02-05;6;1;0;3;0;0;n/d
2020-02-05;7;1;0;2;1;0;n/d
2020-02-05;8;1;1;2;1;1;n/d
2020-02-05;9;1;0;2;1;0;n/d
2020-02-05;10;1;0;2;1;1;n/d
2020-02-05;11;1;0;2;0;0;n/d
2020-02-05;12;1;0;2;0;0;n/d
2020-02-05;13;1;1;2;1;0;n/d
2020-02-05;14;1;0;2;1;1;n/d
2020-02-05;15;1;0;2;1;1;n/d
2020-02-05;16;1;0;2;1;0;n/d
2020-02-05;17;1;0;2;1;1;n/d
2020-02-05;18;1;0;2;1;1;n/d
2020-02-05;19;1;0;2;1;1;n/d
2020-02-05;20;1;0;2;1;1;n/d
2020-02-05;21;1;0;2;1;1;n/d
2020-02-05;22;1;0;2;1;1;n/d
2020-02-05;23;1;0;2;1;1;n/d
2020-02-05;24;1;0;2;1;1;n/d
2020-02-06;1;1;0;2;1;0;n/d
2020-02-06;2;1;0;2;1;1;n/d
2020-02-06;3;1;1;2;1;0;n/d
2020-02-06;4;1;1;2;1;0;n/d
2020-02-06;5;1;2;2;1;1;n/d
2020-02-06;6;1;2;2;1;1;n/d
2020-02-06;7;1;2;2;2;2;n/d
2020-02-06;8;1;2;2;2;3;n/d
2020-02-06;9;1;2;2;2;2;n/d
2020-02-06;10;1;2;2;2;1;n/d
2020-02-06;11;1;2;2;2;1;n/d
2020-02-06;12;1;3;1;2;1;n/d
2020-02-06;13;1;3;2;2;1;n/d
2020-02-06;14;1;2;1;2;1;n/d
2020-02-06;15;1;2;1;2;1;n/d
2020-02-06;16;1;1;1;2;0;n/d
2020-02-06;17;1;1;1;2;1;n/d
2020-02-06;18;1;1;1;2;1;n/d
2020-02-06;19;1;1;1;2;1;n/d
2020-02-06;20;1;2;0;1;1;n/d
2020-02-06;21;1;2;1;1;1;n/d
2020-02-06;22;1;2;1;2;1;n/d
2020-02-06;23;1;2;1;2;1;n/d
2020-02-06;24;1;1;1;2;1;n/d
2020-02-07;1;1;0;2;0;0;n/d
2020-02-07;2;1;0;2;0;0;n/d
2020-02-07;3;1;0;2;0;0;n/d
2020-02-07;4;1;0;2;1;0;n/d
2020-02-07;5;1;0;3;1;0;n/d
2020-02-07;6;1;0;3;1;0;n/d
2020-02-07;7;1;0;3;2;1;n/d
2020-02-07;8;1;0;2;1;1;n/d
2020-02-07;9;1;0;1;1;1;n/d
2020-02-07;10;1;0;1;2;0;n/d
2020-02-07;11;1;0;1;2;1;n/d
2020-02-07;12;1;0;1;2;1;n/d
2020-02-07;13;1;0;1;3;1;n/d
2020-02-07;14;1;0;1;2;2;n/d
2020-02-07;15;1;0;1;2;1;n/d
2020-02-07;16;1;0;1;1;1;n/d
2020-02-07;17;1;0;1;1;1;n/d
2020-02-07;18;1;0;1;1;1;n/d
2020-02-07;19;1;0;2;1;1;n/d
2020-02-07;20;1;0;2;0;0;n/d
2020-02-07;21;1;0;2;0;0;n/d
2020-02-07;22;1;0;2;0;0;n/d
2020-02-07;23;1;0;2;0;0;n/d
2020-02-07;24;1;0;1;0;0;n/d
2020-02-08;1;1;1;1;1;0;n/d
2020-02-08;2;1;1;1;1;0;n/d
2020-02-08;3;1;1;1;1;0;n/d
2020-02-08;4;1;1;1;1;0;n/d
2020-02-08;5;1;1;1;1;0;n/d
2020-02-08;6;1;1;2;1;0;n/d
2020-02-08;7;1;1;2;1;0;n/d
2020-02-08;8;1;1;2;1;0;n/d
2020-02-08;9;1;2;2;1;0;n/d
2020-02-08;10;1;3;2;1;0;n/d
2020-02-08;11;1;2;2;1;0;n/d
2020-02-08;12;1;2;2;1;0;n/d
2020-02-08;13;1;2;2;1;0;n/d
2020-02-08;14;1;3;2;1;0;n/d
2020-02-08;15;1;2;2;1;0;n/d
2020-02-08;16;1;1;2;0;0;n/d
2020-02-08;17;1;1;2;0;0;n/d
2020-02-08;18;1;2;2;0;0;n/d
2020-02-08;19;1;3;2;0;0;n/d
2020-02-08;20;1;1;2;0;0;n/d
2020-02-08;21;1;1;3;0;0;n/d
2020-02-08;22;1;1;2;0;0;n/d
2020-02-08;23;1;2;2;0;0;n/d
2020-02-08;24;1;2;2;0;0;n/d
2020-02-09;1;1;1;1;0;0;n/d
2020-02-09;2;1;0;1;0;0;n/d
2020-02-09;3;1;1;1;0;0;n/d
2020-02-09;4;1;1;1;0;0;n/d
2020-02-09;5;1;0;1;0;0;n/d
2020-02-09;6;1;0;2;0;0;n/d
2020-02-09;7;1;0;1;0;0;n/d
2020-02-09;8;1;0;1;0;0;n/d
2020-02-09;9;1;0;1;0;0;n/d
2020-02-09;10;1;0;1;0;0;n/d
2020-02-09;11;1;0;2;0;0;n/d
2020-02-09;12;1;0;2;0;0;n/d
2020-02-09;13;1;0;2;0;0;n/d
2020-02-09;14;1;0;1;0;0;n/d
2020-02-09;15;1;0;1;0;0;n/d
2020-02-09;16;1;0;1;0;0;n/d
2020-02-09;17;1;0;1;0;0;n/d
2020-02-09;18;1;0;1;0;0;n/d
2020-02-09;19;1;0;1;0;0;n/d
2020-02-09;20;1;0;1;0;0;n/d
2020-02-09;21;1;0;1;0;0;n/d
2020-02-09;22;1;0;1;0;0;n/d
2020-02-09;23;1;0;1;0;0;n/d
2020-02-09;24;1;0;1;0;0;n/d
2020-02-10;1;1;0;0;0;0;n/d
2020-02-10;2;1;0;0;0;0;n/d
2020-02-10;3;1;0;0;0;0;n/d
2020-02-10;4;1;0;0;0;0;n/d
2020-02-10;5;1;0;1;0;0;n/d
2020-02-10;6;1;1;1;0;0;n/d
2020-02-10;7;1;1;1;0;0;n/d
2020-02-10;8;1;1;0;0;0;n/d
2020-02-10;9;1;2;0;0;0;n/d
2020-02-10;10;1;2;0;0;0;n/d
2020-02-10;11;1;2;0;1;0;n/d
2020-02-10;12;1;0;0;1;0;n/d
2020-02-10;13;1;0;1;1;0;n/d
2020-02-10;14;1;0;0;1;0;n/d
2020-02-10;15;1;0;0;0;0;n/d
2020-02-10;16;1;2;0;0;0;n/d
2020-02-10;17;1;1;0;0;0;n/d
2020-02-10;18;1;1;0;0;0;n/d
2020-02-10;19;1;0;0;0;0;n/d
2020-02-10;20;1;0;0;0;0;n/d
2020-02-10;21;1;1;0;0;0;n/d
2020-02-10;22;1;1;0;0;0;n/d
2020-02-10;23;1;1;0;0;0;n/d
2020-02-10;24;1;1;0;0;0;n/d
2020-02-11;1;1;0;1;0;0;n/d
2020-02-11;2;1;0;1;0;0;n/d
2020-02-11;3;1;0;1;0;0;n/d
2020-02-11;4;1;0;1;0;0;n/d
2020-02-11;5;1;0;1;0;0;n/d
2020-02-11;6;1;0;1;0;0;n/d
2020-02-11;7;1;1;1;0;0;n/d
2020-02-11;8;1;1;1;0;0;n/d
2020-02-11;9;1;0;1;0;0;n/d
2020-02-11;10;1;0;1;0;0;n/d
2020-02-11;11;1;0;2;1;0;n/d
2020-02-11;12;1;0;1;1;0;n/d
2020-02-11;13;1;1;1;1;0;n/d
2020-02-11;14;1;1;1;1;0;n/d
2020-02-11;15;1;1;1;0;0;n/d
2020-02-11;16;1;1;1;0;0;n/d
2020-02-11;17;1;0;1;0;0;n/d
2020-02-11;18;1;1;1;0;0;n/d
2020-02-11;19;1;0;0;0;0;n/d
2020-02-11;20;1;0;1;0;0;n/d
2020-02-11;21;1;0;1;0;0;n/d
2020-02-11;22;1;0;1;0;0;n/d
2020-02-11;23;1;0;1;0;0;n/d
2020-02-11;24;1;0;1;0;0;n/d
2020-02-12;1;1;1;2;0;0;n/d
2020-02-12;2;1;1;2;0;0;n/d
2020-02-12;3;1;0;2;0;0;n/d
2020-02-12;4;1;0;1;0;0;n/d
2020-02-12;5;1;1;1;0;0;n/d
2020-02-12;6;1;1;1;0;0;n/d
2020-02-12;7;1;2;2;0;0;n/d
2020-02-12;8;1;1;2;0;0;n/d
2020-02-12;9;1;1;2;1;0;n/d
2020-02-12;10;1;1;1;1;0;n/d
2020-02-12;11;1;1;2;1;0;n/d
2020-02-12;12;1;1;1;1;0;n/d
2020-02-12;13;1;1;1;1;0;n/d
2020-02-12;14;1;1;1;1;0;n/d
2020-02-12;15;1;1;2;1;0;n/d
2020-02-12;16;1;1;1;1;0;n/d
2020-02-12;17;1;2;2;1;0;n/d
2020-02-12;18;1;3;2;1;0;n/d
2020-02-12;19;1;3;2;1;0;n/d
2020-02-12;20;1;3;2;1;0;n/d
2020-02-12;21;1;2;1;1;0;n/d
2020-02-12;22;1;2;2;1;0;n/d
2020-02-12;23;1;2;1;0;0;n/d
2020-02-12;24;1;2;1;0;0;n/d
2020-02-13;1;1;0;1;0;0;n/d
2020-02-13;2;1;0;1;0;0;n/d
2020-02-13;3;1;0;1;0;0;n/d
2020-02-13;4;1;0;1;0;0;n/d
2020-02-13;5;1;0;1;0;0;n/d
2020-02-13;6;1;0;1;0;0;n/d
2020-02-13;7;1;0;1;0;0;n/d
2020-02-13;8;1;0;1;0;0;n/d
2020-02-13;9;1;0;1;0;0;n/d
2020-02-13;10;1;0;1;0;0;n/d
2020-02-13;11;1;1;1;0;0;n/d
2020-02-13;12;1;1;1;0;0;n/d
2020-02-13;13;1;0;1;1;0;n/d
2020-02-13;14;1;0;1;1;0;n/d
2020-02-13;15;1;0;1;0;0;n/d
2020-02-13;16;1;0;1;0;0;n/d
2020-02-13;17;1;1;1;0;0;n/d
2020-02-13;18;0;0;1;0;0;n/d
2020-02-13;19;1;0;1;0;1;n/d
2020-02-13;20;1;0;1;0;0;n/d
2020-02-13;21;1;0;1;0;0;n/d
2020-02-13;22;1;0;2;0;2;n/d
2020-02-13;23;1;1;1;0;1;n/d
2020-02-13;24;1;0;1;0;0;n/d
2020-02-14;1;1;0;0;0;1;n/d
2020-02-14;2;1;1;1;0;1;n/d
2020-02-14;3;1;1;1;0;1;n/d
2020-02-14;4;1;2;1;0;0;n/d
2020-02-14;5;1;2;1;0;0;n/d
2020-02-14;6;1;1;0;0;0;n/d
2020-02-14;7;1;2;1;0;0;n/d
2020-02-14;8;1;3;0;0;0;n/d
2020-02-14;9;1;3;1;0;0;n/d
2020-02-14;10;1;2;1;1;0;n/d
2020-02-14;11;1;2;1;1;0;n/d
2020-02-14;12;1;1;1;1;1;n/d
2020-02-14;13;0;2;1;1;1;n/d
2020-02-14;14;1;1;1;1;1;n/d
2020-02-14;15;1;1;1;1;1;n/d
2020-02-14;16;0;1;1;1;0;n/d
2020-02-14;17;0;1;1;1;1;n/d
2020-02-14;18;1;1;2;1;1;n/d
2020-02-14;19;1;1;2;1;1;n/d
2020-02-14;20;1;1;2;1;0;n/d
2020-02-14;21;1;1;2;0;1;n/d
2020-02-14;22;1;0;2;0;1;n/d
2020-02-14;23;0;0;2;0;1;n/d
2020-02-14;24;1;0;1;0;1;n/d
2020-02-15;1;1;0;1;0;0;n/d
2020-02-15;2;0;0;1;0;0;n/d
2020-02-15;3;1;0;1;0;0;n/d
2020-02-15;4;1;1;1;0;0;n/d
2020-02-15;5;1;1;1;0;0;n/d
2020-02-15;6;0;1;1;0;0;n/d
2020-02-15;7;1;1;1;0;0;n/d
2020-02-15;8;0;1;1;0;0;n/d
2020-02-15;9;0;1;1;0;0;n/d
2020-02-15;10;1;1;1;0;0;n/d
2020-02-15;11;1;0;1;1;0;n/d
2020-02-15;12;1;0;1;1;0;n/d
2020-02-15;13;1;0;1;1;0;n/d
2020-02-15;14;1;0;1;1;0;n/d
2020-02-15;15;1;0;1;1;0;n/d
2020-02-15;16;1;0;2;1;0;n/d
2020-02-15;17;1;0;1;0;0;n/d
2020-02-15;18;1;0;1;0;0;n/d
2020-02-15;19;1;0;1;0;0;n/d
2020-02-15;20;1;0;1;0;0;n/d
2020-02-15;21;1;0;1;0;0;n/d
2020-02-15;22;1;0;2;0;0;n/d
2020-02-15;23;1;0;1;0;0;n/d
2020-02-15;24;1;0;1;0;0;n/d
2020-02-16;1;1;2;0;0;1;n/d
2020-02-16;2;1;2;0;0;1;n/d
2020-02-16;3;1;1;0;0;1;n/d
2020-02-16;4;1;2;0;0;1;n/d
2020-02-16;5;1;1;0;0;1;n/d
2020-02-16;6;1;1;0;0;1;n/d
2020-02-16;7;1;1;0;0;1;n/d
2020-02-16;8;1;1;0;0;1;n/d
2020-02-16;9;1;1;0;0;1;n/d
2020-02-16;10;1;1;0;0;1;n/d
2020-02-16;11;1;1;0;0;1;n/d
2020-02-16;12;1;1;0;0;1;n/d
2020-02-16;13;1;1;0;1;1;n/d
2020-02-16;14;1;1;0;0;1;n/d
2020-02-16;15;1;1;0;0;1;n/d
2020-02-16;16;1;1;0;0;1;n/d
2020-02-16;17;1;1;0;1;1;n/d
2020-02-16;18;1;1;0;0;1;n/d
2020-02-16;19;1;1;0;0;1;n/d
2020-02-16;20;1;1;0;0;1;n/d
2020-02-16;21;1;1;0;0;1;n/d
2020-02-16;22;1;1;0;0;1;n/d
2020-02-16;23;1;1;0;0;1;n/d
2020-02-16;24;1;1;0;0;1;n/d
2020-02-17;1;1;0;0;0;0;n/d
2020-02-17;2;1;0;0;0;0;n/d
2020-02-17;3;1;0;0;0;0;n/d
2020-02-17;4;1;0;0;1;1;n/d
2020-02-17;5;1;1;0;0;0;n/d
2020-02-17;6;1;1;0;0;1;n/d
2020-02-17;7;1;1;0;0;0;n/d
2020-02-17;8;1;1;0;0;1;n/d
2020-02-17;9;1;1;0;0;1;n/d
2020-02-17;10;1;1;n/d;0;0;n/d
2020-02-17;11;1;2;1;1;0;n/d
2020-02-17;12;1;1;1;1;1;n/d
2020-02-17;13;1;1;1;1;0;n/d
2020-02-17;14;1;1;1;1;0;n/d
2020-02-17;15;1;2;1;1;0;n/d
2020-02-17;16;1;1;1;1;0;n/d
2020-02-17;17;1;0;1;1;0;n/d
2020-02-17;18;1;1;1;0;0;n/d
2020-02-17;19;1;1;1;0;0;n/d
2020-02-17;20;1;1;1;1;0;n/d
2020-02-17;21;1;1;1;0;0;n/d
2020-02-17;22;1;2;1;0;0;n/d
2020-02-17;23;1;1;1;1;0;n/d
2020-02-17;24;1;1;1;1;0;n/d
2020-02-18;1;1;0;1;0;0;n/d
2020-02-18;2;1;0;0;0;0;n/d
2020-02-18;3;1;0;0;0;0;n/d
2020-02-18;4;1;0;1;0;0;n/d
2020-02-18;5;1;0;1;0;0;n/d
2020-02-18;6;1;0;1;0;1;n/d
2020-02-18;7;1;0;0;0;1;n/d
2020-02-18;8;1;0;1;0;1;n/d
2020-02-18;9;1;0;1;0;1;n/d
2020-02-18;10;1;0;0;0;0;n/d
2020-02-18;11;1;1;0;0;0;n/d
2020-02-18;12;1;0;0;1;1;n/d
2020-02-18;13;1;0;0;1;0;n/d
2020-02-18;14;1;0;0;1;0;n/d
2020-02-18;15;1;0;0;1;0;n/d
2020-02-18;16;1;0;0;1;0;n/d
2020-02-18;17;1;0;0;1;0;n/d
2020-02-18;18;1;0;0;1;0;n/d
2020-02-18;19;1;0;0;1;0;n/d
2020-02-18;20;1;0;0;1;1;n/d
2020-02-18;21;1;1;0;0;0;n/d
2020-02-18;22;1;1;0;0;0;n/d
2020-02-18;23;1;1;0;0;0;n/d
2020-02-18;24;1;1;0;0;0;n/d
2020-02-19;1;1;0;n/d;0;0;n/d
2020-02-19;2;1;0;n/d;0;0;n/d
2020-02-19;3;1;0;n/d;0;0;n/d
2020-02-19;4;1;0;n/d;0;0;n/d
2020-02-19;5;1;0;n/d;0;0;n/d
2020-02-19;6;1;0;n/d;0;1;n/d
2020-02-19;7;1;0;n/d;0;1;n/d
2020-02-19;8;1;0;n/d;0;0;n/d
2020-02-19;9;1;0;n/d;0;1;n/d
2020-02-19;10;1;0;n/d;0;1;n/d
2020-02-19;11;1;0;n/d;0;1;n/d
2020-02-19;12;1;0;n/d;0;1;n/d
2020-02-19;13;1;0;n/d;0;1;n/d
2020-02-19;14;1;0;n/d;0;1;n/d
2020-02-19;15;1;0;n/d;0;1;n/d
2020-02-19;16;1;0;n/d;0;0;n/d
2020-02-19;17;1;0;n/d;0;0;n/d
2020-02-19;18;1;0;n/d;0;1;n/d
2020-02-19;19;1;0;n/d;0;1;n/d
2020-02-19;20;1;0;n/d;0;0;n/d
2020-02-19;21;1;0;n/d;0;0;n/d
2020-02-19;22;1;0;n/d;0;0;n/d
2020-02-19;23;1;0;n/d;0;0;n/d
2020-02-19;24;1;0;n/d;0;0;n/d
2020-02-20;1;1;0;1;0;2;n/d
2020-02-20;2;1;0;1;0;2;n/d
2020-02-20;3;1;0;1;0;1;n/d
2020-02-20;4;1;0;1;0;1;n/d
2020-02-20;5;1;0;1;0;2;n/d
2020-02-20;6;1;1;1;0;2;n/d
2020-02-20;7;1;1;1;0;2;n/d
2020-02-20;8;1;1;1;0;2;n/d
2020-02-20;9;1;1;1;0;1;n/d
2020-02-20;10;1;1;1;0;2;n/d
2020-02-20;11;1;1;2;1;2;n/d
2020-02-20;12;1;0;2;1;2;n/d
2020-02-20;13;1;0;4;0;2;n/d
2020-02-20;14;1;0;2;0;2;n/d
2020-02-20;15;1;0;1;0;1;n/d
2020-02-20;16;1;0;1;1;2;n/d
2020-02-20;17;1;0;1;1;1;n/d
2020-02-20;18;1;0;1;0;2;n/d
2020-02-20;19;1;0;1;0;2;n/d
2020-02-20;20;1;0;2;0;3;n/d
2020-02-20;21;1;0;1;0;4;n/d
2020-02-20;22;1;0;1;0;3;n/d
2020-02-20;23;1;0;1;0;2;n/d
2020-02-20;24;1;0;1;0;2;n/d
2020-02-21;1;1;0;0;0;1;n/d
2020-02-21;2;1;0;0;0;1;n/d
2020-02-21;3;1;0;0;0;0;n/d
2020-02-21;4;1;0;0;0;1;n/d
2020-02-21;5;1;0;0;0;1;n/d
2020-02-21;6;1;1;1;0;1;n/d
2020-02-21;7;1;1;0;1;1;n/d
2020-02-21;8;1;0;0;1;2;n/d
2020-02-21;9;1;0;0;1;1;n/d
2020-02-21;10;1;0;0;1;1;n/d
2020-02-21;11;1;0;0;1;1;n/d
2020-02-21;12;1;1;0;1;1;n/d
2020-02-21;13;1;0;0;1;1;n/d
2020-02-21;14;1;0;0;1;1;n/d
2020-02-21;15;1;1;0;1;1;n/d
2020-02-21;16;1;0;0;1;1;n/d
2020-02-21;17;1;0;0;1;1;n/d
2020-02-21;18;1;0;0;1;1;n/d
2020-02-21;19;1;0;0;1;1;n/d
2020-02-21;20;1;0;0;1;1;n/d
2020-02-21;21;1;0;0;1;1;n/d
2020-02-21;22;1;1;0;0;1;n/d
2020-02-21;23;1;1;0;0;1;n/d
2020-02-21;24;1;1;0;0;1;n/d
2020-02-22;1;1;0;1;0;1;n/d
2020-02-22;2;1;0;0;0;1;n/d
2020-02-22;3;1;0;0;0;1;n/d
2020-02-22;4;1;0;1;0;1;n/d
2020-02-22;5;1;0;0;0;1;n/d
2020-02-22;6;1;0;1;0;1;n/d
2020-02-22;7;1;0;1;0;0;n/d
2020-02-22;8;1;0;0;0;0;n/d
2020-02-22;9;1;0;0;0;1;n/d
2020-02-22;10;1;0;0;0;1;n/d
2020-02-22;11;1;0;0;0;0;n/d
2020-02-22;12;1;0;0;1;1;n/d
2020-02-22;13;1;0;0;1;1;n/d
2020-02-22;14;1;0;0;1;0;n/d
2020-02-22;15;1;0;0;1;0;n/d
2020-02-22;16;1;0;0;0;1;n/d
2020-02-22;17;1;0;0;0;0;n/d
2020-02-22;18;1;0;0;0;0;n/d
2020-02-22;19;1;0;0;0;1;n/d
2020-02-22;20;1;0;0;0;1;n/d
2020-02-22;21;1;0;0;0;1;n/d
2020-02-22;22;1;0;0;0;1;n/d
2020-02-22;23;1;0;1;0;1;n/d
2020-02-22;24;1;0;0;0;1;n/d
2020-02-23;1;1;0;0;0;0;n/d
2020-02-23;2;0;0;0;0;0;n/d
2020-02-23;3;0;0;0;0;0;n/d
2020-02-23;4;1;0;0;0;0;n/d
2020-02-23;5;1;0;0;0;0;n/d
2020-02-23;6;1;0;0;0;0;n/d
2020-02-23;7;1;0;1;0;0;n/d
2020-02-23;8;1;1;1;0;0;n/d
2020-02-23;9;1;0;0;0;0;n/d
2020-02-23;10;1;0;1;0;0;n/d
2020-02-23;11;1;0;1;0;0;n/d
2020-02-23;12;1;0;1;0;0;n/d
2020-02-23;13;1;0;1;0;0;n/d
2020-02-23;14;1;0;1;0;0;n/d
2020-02-23;15;1;0;1;0;0;n/d
2020-02-23;16;1;0;0;0;0;n/d
2020-02-23;17;1;0;1;0;0;n/d
2020-02-23;18;1;0;1;0;0;n/d
2020-02-23;19;1;0;1;0;0;n/d
2020-02-23;20;1;0;1;0;0;n/d
2020-02-23;21;1;0;0;0;0;n/d
2020-02-23;22;1;0;1;0;0;n/d
2020-02-23;23;1;1;1;0;0;n/d
2020-02-23;24;1;0;1;0;0;n/d
2020-02-24;1;1;0;0;0;0;n/d
2020-02-24;2;1;0;0;0;0;n/d
2020-02-24;3;1;0;0;0;0;n/d
2020-02-24;4;1;0;0;0;0;n/d
2020-02-24;5;1;0;0;0;0;n/d
2020-02-24;6;1;0;0;0;0;n/d
2020-02-24;7;1;0;0;0;0;n/d
2020-02-24;8;1;1;0;0;0;n/d
2020-02-24;9;1;0;0;0;0;n/d
2020-02-24;10;1;1;0;0;0;n/d
2020-02-24;11;1;0;0;0;0;n/d
2020-02-24;12;1;1;0;0;0;n/d
2020-02-24;13;1;0;0;0;0;n/d
2020-02-24;14;1;0;0;0;0;n/d
2020-02-24;15;1;1;0;0;0;n/d
2020-02-24;16;1;1;0;0;0;n/d
2020-02-24;17;1;0;0;0;0;n/d
2020-02-24;18;1;0;0;0;0;n/d
2020-02-24;19;1;2;0;0;0;n/d
2020-02-24;20;1;0;0;0;0;n/d
2020-02-24;21;1;0;0;0;0;n/d
2020-02-24;22;1;0;0;0;0;n/d
2020-02-24;23;1;0;0;0;0;n/d
2020-02-24;24;1;0;0;0;0;n/d
2020-02-25;1;1;0;1;0;2;n/d
2020-02-25;2;1;0;0;0;1;n/d
2020-02-25;3;1;1;1;0;2;n/d
2020-02-25;4;1;0;0;0;1;n/d
2020-02-25;5;1;0;0;0;1;n/d
2020-02-25;6;1;0;1;0;2;n/d
2020-02-25;7;1;1;1;0;2;n/d
2020-02-25;8;1;1;1;0;2;n/d
2020-02-25;9;1;1;1;0;3;n/d
2020-02-25;10;1;1;1;0;3;n/d
2020-02-25;11;1;1;1;n/d;2;n/d
2020-02-25;12;1;1;1;n/d;2;n/d
2020-02-25;13;1;1;1;n/d;2;n/d
2020-02-25;14;1;1;1;n/d;2;n/d
2020-02-25;15;1;0;1;n/d;3;n/d
2020-02-25;16;1;0;1;0;3;n/d
2020-02-25;17;1;0;1;0;2;n/d
2020-02-25;18;1;2;1;0;2;n/d
2020-02-25;19;1;2;1;0;1;n/d
2020-02-25;20;1;2;1;0;1;n/d
2020-02-25;21;1;1;1;0;1;n/d
2020-02-25;22;1;0;1;0;2;n/d
2020-02-25;23;1;0;1;0;1;n/d
2020-02-25;24;1;0;1;0;2;n/d
2020-02-26;1;1;1;1;0;1;n/d
2020-02-26;2;1;0;1;0;0;n/d
2020-02-26;3;1;0;1;0;0;n/d
2020-02-26;4;1;0;1;1;1;n/d
2020-02-26;5;1;1;1;0;0;n/d
2020-02-26;6;1;1;1;0;0;n/d
2020-02-26;7;1;1;1;0;0;n/d
2020-02-26;8;1;0;1;0;1;n/d
2020-02-26;9;1;0;1;0;1;n/d
2020-02-26;10;1;0;1;1;1;n/d
2020-02-26;11;1;0;0;1;1;n/d
2020-02-26;12;1;1;0;1;1;n/d
2020-02-26;13;1;1;0;1;1;n/d
2020-02-26;14;1;1;0;1;2;n/d
2020-02-26;15;1;1;0;1;3;n/d
2020-02-26;16;1;1;1;1;4;n/d
2020-02-26;17;1;1;1;1;4;n/d
2020-02-26;18;1;1;1;1;4;n/d
2020-02-26;19;1;1;0;1;4;n/d
2020-02-26;20;1;1;0;1;2;n/d
2020-02-26;21;1;1;0;1;1;n/d
2020-02-26;22;1;1;0;1;1;n/d
2020-02-26;23;1;0;0;1;1;n/d
2020-02-26;24;1;1;0;1;1;n/d
2020-02-27;1;1;0;1;1;1;n/d
2020-02-27;2;1;0;1;1;0;n/d
2020-02-27;3;1;0;1;1;0;n/d
2020-02-27;4;1;0;1;1;0;n/d
2020-02-27;5;1;0;1;1;0;n/d
2020-02-27;6;1;0;1;0;0;n/d
2020-02-27;7;1;0;1;0;0;n/d
2020-02-27;8;1;0;1;0;0;n/d
2020-02-27;9;1;0;1;0;0;n/d
2020-02-27;10;1;0;1;0;0;n/d
2020-02-27;11;1;0;0;0;1;n/d
2020-02-27;12;1;0;0;0;0;n/d
2020-02-27;13;1;0;1;0;0;n/d
2020-02-27;14;1;1;1;0;0;n/d
2020-02-27;15;1;0;n/d;0;0;n/d
2020-02-27;16;1;0;n/d;0;0;n/d
2020-02-27;17;1;0;n/d;1;0;n/d
2020-02-27;18;1;0;2;1;0;n/d
2020-02-27;19;1;1;2;0;0;n/d
2020-02-27;20;1;1;1;1;2;n/d
2020-02-27;21;1;1;1;1;1;n/d
2020-02-27;22;1;1;2;1;1;n/d
2020-02-27;23;1;1;1;1;1;n/d
2020-02-27;24;1;1;1;1;1;n/d
2020-02-28;1;1;0;2;1;0;n/d
2020-02-28;2;1;0;2;1;0;n/d
2020-02-28;3;1;0;1;1;1;n/d
2020-02-28;4;1;0;2;1;0;n/d
2020-02-28;5;1;0;2;1;0;n/d
2020-02-28;6;1;1;2;2;1;n/d
2020-02-28;7;1;0;3;2;1;n/d
2020-02-28;8;1;0;2;1;1;n/d
2020-02-28;9;1;0;2;2;2;n/d
2020-02-28;10;1;0;2;1;1;n/d
2020-02-28;11;1;0;1;1;1;n/d
2020-02-28;12;1;0;1;1;1;n/d
2020-02-28;13;1;0;1;1;1;n/d
2020-02-28;14;1;0;1;1;0;n/d
2020-02-28;15;1;0;1;1;1;n/d
2020-02-28;16;1;0;0;1;1;n/d
2020-02-28;17;1;0;1;1;0;n/d
2020-02-28;18;1;0;0;1;1;n/d
2020-02-28;19;1;0;0;1;1;n/d
2020-02-28;20;1;0;1;1;0;n/d
2020-02-28;21;1;1;0;1;0;n/d
2020-02-28;22;1;1;0;1;1;n/d
2020-02-28;23;1;1;1;1;0;n/d
2020-02-28;24;1;1;1;1;0;n/d
2020-02-29;1;1;0;0;0;0;n/d
2020-02-29;2;1;0;0;0;0;n/d
2020-02-29;3;1;1;0;0;0;n/d
2020-02-29;4;1;1;0;0;0;n/d
2020-02-29;5;1;2;0;0;0;n/d
2020-02-29;6;1;2;0;0;0;n/d
2020-02-29;7;1;2;0;0;0;n/d
2020-02-29;8;1;2;0;0;0;n/d
2020-02-29;9;1;3;0;0;0;n/d
2020-02-29;10;1;1;0;0;0;n/d
2020-02-29;11;1;2;0;0;0;n/d
2020-02-29;12;1;3;0;0;0;n/d
2020-02-29;13;1;2;1;0;0;n/d
2020-02-29;14;1;1;1;0;0;n/d
2020-02-29;15;1;2;1;1;1;n/d
2020-02-29;16;1;2;1;0;0;n/d
2020-02-29;17;1;1;1;0;0;n/d
2020-02-29;18;1;1;1;0;0;n/d
2020-02-29;19;1;1;1;0;0;n/d
2020-02-29;20;1;1;1;0;0;n/d
2020-02-29;21;1;1;0;0;0;n/d
2020-02-29;22;1;0;1;0;0;n/d
2020-02-29;23;1;1;1;0;0;n/d
2020-02-29;24;1;1;1;0;0;n/d
2020-03-01;1;1;1;0;0;0;n/d
2020-03-01;2;1;1;0;0;0;n/d
2020-03-01;3;1;1;0;0;0;n/d
2020-03-01;4;1;1;0;0;0;n/d
2020-03-01;5;1;1;0;0;0;n/d
2020-03-01;6;1;1;0;0;0;n/d
2020-03-01;7;1;1;0;0;0;n/d
2020-03-01;8;1;0;0;0;0;n/d
2020-03-01;9;1;1;0;0;0;n/d
2020-03-01;10;1;1;0;0;0;n/d
2020-03-01;11;1;1;0;0;0;n/d
2020-03-01;12;1;2;0;0;0;n/d
2020-03-01;13;1;1;0;0;0;n/d
2020-03-01;14;1;1;0;0;0;n/d
2020-03-01;15;1;2;0;0;0;n/d
2020-03-01;16;1;2;0;0;0;n/d
2020-03-01;17;1;2;0;0;0;n/d
2020-03-01;18;1;1;0;0;0;n/d
2020-03-01;19;1;1;0;0;0;n/d
2020-03-01;20;1;1;0;0;0;n/d
2020-03-01;21;1;0;0;0;0;n/d
2020-03-01;22;1;0;0;0;0;n/d
2020-03-01;23;1;0;0;0;0;n/d
2020-03-01;24;1;0;0;0;0;n/d
2020-03-02;1;1;1;n/d;0;1;n/d
2020-03-02;2;1;1;n/d;0;0;n/d
2020-03-02;3;1;1;n/d;0;0;n/d
2020-03-02;4;1;1;n/d;0;1;n/d
2020-03-02;5;1;1;n/d;0;0;n/d
2020-03-02;6;1;2;n/d;0;1;n/d
2020-03-02;7;1;2;n/d;0;0;n/d
2020-03-02;8;1;3;n/d;1;0;n/d
2020-03-02;9;1;3;n/d;0;1;n/d
2020-03-02;10;1;3;n/d;0;1;n/d
2020-03-02;11;1;4;n/d;0;1;n/d
2020-03-02;12;1;3;n/d;0;1;n/d
2020-03-02;13;1;3;n/d;0;1;n/d
2020-03-02;14;1;3;n/d;0;1;n/d
2020-03-02;15;1;3;n/d;1;1;n/d
2020-03-02;16;1;3;n/d;0;0;n/d
2020-03-02;17;1;4;n/d;1;0;n/d
2020-03-02;18;1;4;n/d;1;1;n/d
2020-03-02;19;1;4;n/d;1;1;n/d
2020-03-02;20;1;3;n/d;1;2;n/d
2020-03-02;21;1;3;n/d;1;1;n/d
2020-03-02;22;1;2;n/d;1;1;n/d
2020-03-02;23;1;3;n/d;1;0;n/d
2020-03-02;24;1;2;n/d;1;1;n/d
2020-03-03;1;1;0;1;0;0;n/d
2020-03-03;2;1;0;1;0;0;n/d
2020-03-03;3;1;0;1;0;0;n/d
2020-03-03;4;1;0;1;0;0;n/d
2020-03-03;5;1;0;1;0;0;n/d
2020-03-03;6;1;0;2;0;0;n/d
2020-03-03;7;1;0;1;0;0;n/d
2020-03-03;8;1;0;3;0;0;n/d
2020-03-03;9;1;0;2;0;0;n/d
2020-03-03;10;1;0;2;0;0;n/d
2020-03-03;11;0;0;1;0;0;n/d
2020-03-03;12;0;0;2;1;0;n/d
2020-03-03;13;0;1;1;0;0;n/d
2020-03-03;14;0;1;1;0;0;n/d
2020-03-03;15;0;1;1;1;1;n/d
2020-03-03;16;1;1;1;1;3;n/d
2020-03-03;17;1;2;1;0;1;n/d
2020-03-03;18;1;2;1;0;0;n/d
2020-03-03;19;1;2;1;0;0;n/d
2020-03-03;20;1;2;1;0;0;n/d
2020-03-03;21;1;2;1;0;0;n/d
2020-03-03;22;0;1;1;0;0;n/d
2020-03-03;23;0;1;1;0;0;n/d
2020-03-03;24;1;0;1;0;0;n/d
2020-03-04;1;0;1;1;1;1;n/d
2020-03-04;2;1;1;0;1;1;n/d
2020-03-04;3;1;0;0;1;1;n/d
2020-03-04;4;1;1;0;1;1;n/d
2020-03-04;5;1;1;1;1;1;n/d
2020-03-04;6;1;2;1;1;1;n/d
2020-03-04;7;1;2;1;1;2;n/d
2020-03-04;8;1;3;1;1;2;n/d
2020-03-04;9;1;2;2;1;3;n/d
2020-03-04;10;1;2;1;1;3;n/d
2020-03-04;11;1;2;0;1;3;n/d
2020-03-04;12;1;2;0;1;3;n/d
2020-03-04;13;1;1;0;1;2;n/d
2020-03-04;14;1;1;1;1;2;n/d
2020-03-04;15;1;1;0;1;2;n/d
2020-03-04;16;1;1;0;1;1;n/d
2020-03-04;17;1;1;0;1;2;n/d
2020-03-04;18;1;1;0;1;2;n/d
2020-03-04;19;1;0;0;1;1;n/d
2020-03-04;20;1;1;0;1;1;n/d
2020-03-04;21;1;1;0;1;1;n/d
2020-03-04;22;1;1;0;0;1;n/d
2020-03-04;23;1;1;0;1;2;n/d
2020-03-04;24;1;1;0;0;1;n/d
2020-03-05;1;1;1;0;0;0;n/d
2020-03-05;2;1;1;0;0;1;n/d
2020-03-05;3;1;1;0;0;1;n/d
2020-03-05;4;1;1;0;0;1;n/d
2020-03-05;5;1;1;0;0;0;n/d
2020-03-05;6;1;1;0;0;0;n/d
2020-03-05;7;1;1;0;0;1;n/d
2020-03-05;8;1;2;0;0;1;n/d
2020-03-05;9;1;2;0;0;1;n/d
2020-03-05;10;1;2;0;0;1;n/d
2020-03-05;11;1;2;0;0;1;n/d
2020-03-05;12;1;3;0;0;1;n/d
2020-03-05;13;1;3;0;0;1;n/d
2020-03-05;14;0;1;1;0;1;n/d
2020-03-05;15;1;2;0;0;1;n/d
2020-03-05;16;1;2;0;0;1;n/d
2020-03-05;17;1;1;0;0;1;n/d
2020-03-05;18;1;1;0;0;0;n/d
2020-03-05;19;1;1;0;0;0;n/d
2020-03-05;20;1;1;0;0;0;n/d
2020-03-05;21;1;1;0;0;1;n/d
2020-03-05;22;1;1;1;0;1;n/d
2020-03-05;23;1;1;0;0;2;n/d
2020-03-05;24;1;0;1;0;2;0
2020-03-06;1;1;0;0;0;4;1
2020-03-06;2;1;0;0;1;6;1
2020-03-06;3;1;1;0;1;5;2
2020-03-06;4;1;1;0;1;4;1
2020-03-06;5;1;1;0;1;4;0
2020-03-06;6;1;2;0;1;5;1
2020-03-06;7;1;2;0;1;3;1
2020-03-06;8;1;1;0;1;1;0
2020-03-06;9;1;2;0;1;1;0
2020-03-06;10;1;2;0;1;0;1
2020-03-06;11;1;2;0;1;0;1
2020-03-06;12;1;1;0;1;0;1
2020-03-06;13;1;1;0;2;0;1
2020-03-06;14;1;1;0;2;0;1
2020-03-06;15;1;2;0;1;0;1
2020-03-06;16;1;2;0;1;0;1
2020-03-06;17;1;0;0;2;0;1
2020-03-06;18;1;0;0;2;0;1
2020-03-06;19;1;0;0;1;0;1
2020-03-06;20;1;1;0;1;0;1
2020-03-06;21;1;2;0;1;0;1
2020-03-06;22;1;1;0;1;0;1
2020-03-06;23;1;1;0;1;0;1
2020-03-06;24;1;0;0;2;0;1
2020-03-07;1;1;1;3;1;0;1
2020-03-07;2;1;2;3;0;0;1
2020-03-07;3;1;2;3;0;1;1
2020-03-07;4;1;2;2;0;0;1
2020-03-07;5;1;2;2;0;1;1
2020-03-07;6;1;2;2;0;0;1
2020-03-07;7;1;3;2;0;1;2
2020-03-07;8;1;3;2;1;1;2
2020-03-07;9;1;2;3;1;0;3
2020-03-07;10;2;2;2;1;1;2
2020-03-07;11;2;2;2;1;1;3
2020-03-07;12;1;2;2;2;0;3
2020-03-07;13;1;3;2;1;0;2
2020-03-07;14;1;3;2;1;0;2
2020-03-07;15;1;2;2;1;0;2
2020-03-07;16;1;3;2;1;0;2
2020-03-07;17;1;3;2;1;0;2
2020-03-07;18;1;1;2;1;0;2
2020-03-07;19;1;2;2;0;0;1
2020-03-07;20;1;3;2;1;0;1
2020-03-07;21;1;3;2;0;0;1
2020-03-07;22;1;1;2;0;0;1
2020-03-07;23;1;2;2;0;0;1
2020-03-07;24;1;3;2;0;0;0
2020-03-08;1;1;2;1;0;1;0
2020-03-08;2;1;1;1;0;1;0
2020-03-08;3;1;1;1;0;1;0
2020-03-08;4;1;1;1;0;0;0
2020-03-08;5;1;1;1;0;1;0
2020-03-08;6;1;1;1;0;1;0
2020-03-08;7;1;1;2;0;1;1
2020-03-08;8;1;1;1;0;1;1
2020-03-08;9;1;1;2;0;1;1
2020-03-08;10;1;1;2;0;1;1
2020-03-08;11;1;1;2;0;1;1
2020-03-08;12;1;1;1;0;2;1
2020-03-08;13;1;0;1;0;2;1
2020-03-08;14;1;0;1;0;1;1
2020-03-08;15;1;0;1;0;1;1
2020-03-08;16;1;0;2;0;1;1
2020-03-08;17;1;0;3;0;1;1
2020-03-08;18;1;1;2;0;1;2
2020-03-08;19;1;1;2;0;1;2
2020-03-08;20;1;2;2;0;2;1
2020-03-08;21;1;2;2;0;1;1
2020-03-08;22;1;2;2;0;1;1
2020-03-08;23;1;2;3;0;1;1
2020-03-08;24;1;1;3;0;1;0
2020-03-09;1;1;0;0;0;0;0
2020-03-09;2;1;0;0;0;0;0
2020-03-09;3;1;0;1;0;0;0
2020-03-09;4;1;0;0;0;0;0
2020-03-09;5;1;0;1;0;0;0
2020-03-09;6;1;0;1;0;0;0
2020-03-09;7;1;0;1;0;0;0
2020-03-09;8;1;0;1;0;0;0
2020-03-09;9;1;0;0;1;0;1
2020-03-09;10;1;0;0;1;1;1
2020-03-09;11;1;0;0;1;1;1
2020-03-09;12;1;0;0;1;1;1
2020-03-09;13;1;0;0;2;3;1
2020-03-09;14;1;1;0;1;2;2
2020-03-09;15;1;0;1;1;2;2
2020-03-09;16;1;0;1;1;3;1
2020-03-09;17;1;0;1;1;1;1
2020-03-09;18;1;1;0;1;0;1
2020-03-09;19;1;1;0;1;0;1
2020-03-09;20;1;0;0;1;0;1
2020-03-09;21;1;0;1;1;0;0
2020-03-09;22;1;0;0;1;0;0
2020-03-09;23;1;0;0;1;0;0
2020-03-09;24;1;0;0;0;0;0
2020-03-10;1;1;0;0;0;1;0
2020-03-10;2;1;0;0;0;1;0
2020-03-10;3;1;0;0;0;1;0
2020-03-10;4;1;0;0;0;1;0
2020-03-10;5;1;1;0;0;1;1
2020-03-10;6;1;1;0;0;1;1
2020-03-10;7;1;2;0;0;2;1
2020-03-10;8;1;1;0;0;1;1
2020-03-10;9;1;0;0;0;1;2
2020-03-10;10;1;1;0;0;1;2
2020-03-10;11;1;1;0;0;2;1
2020-03-10;12;1;0;0;1;2;1
2020-03-10;13;1;0;0;0;1;2
2020-03-10;14;1;0;0;1;1;1
2020-03-10;15;1;1;0;1;1;2
2020-03-10;16;1;1;0;1;2;3
2020-03-10;17;1;1;0;1;1;3
2020-03-10;18;1;1;0;1;1;2
2020-03-10;19;1;1;0;1;2;2
2020-03-10;20;1;1;0;0;1;2
2020-03-10;21;1;0;0;0;2;3
2020-03-10;22;1;0;0;0;2;3
2020-03-10;23;1;0;0;0;2;3
2020-03-10;24;1;0;0;0;2;0
2020-03-11;1;1;0;0;0;0;0
2020-03-11;2;1;0;0;0;0;0
2020-03-11;3;1;0;0;0;0;0
2020-03-11;4;1;0;0;0;0;0
2020-03-11;5;1;0;0;0;0;0
2020-03-11;6;1;0;0;0;0;0
2020-03-11;7;1;0;0;0;0;0
2020-03-11;8;1;1;0;0;0;0
2020-03-11;9;1;1;0;0;0;0
2020-03-11;10;n/d;0;0;0;0;0
2020-03-11;11;n/d;0;0;0;0;0
2020-03-11;12;n/d;0;0;0;0;0
2020-03-11;13;n/d;0;0;0;0;0
2020-03-11;14;0;0;0;0;0;0
2020-03-11;15;0;0;0;0;0;0
2020-03-11;16;0;0;0;0;0;0
2020-03-11;17;0;0;0;0;0;0
2020-03-11;18;0;0;0;0;0;0
2020-03-11;19;0;0;0;0;0;0
2020-03-11;20;0;0;0;0;0;0
2020-03-11;21;0;0;0;0;0;0
2020-03-11;22;0;0;0;0;0;0
2020-03-11;23;0;0;0;0;0;0
2020-03-11;24;0;0;0;0;0;0
2020-03-12;1;0;0;0;0;0;0
2020-03-12;2;0;0;0;0;0;0
2020-03-12;3;0;0;0;0;0;0
2020-03-12;4;0;1;0;0;0;0
2020-03-12;5;0;1;0;0;0;0
2020-03-12;6;0;1;0;0;0;0
2020-03-12;7;0;1;0;0;1;0
2020-03-12;8;0;1;0;0;2;0
2020-03-12;9;0;2;0;0;1;0
2020-03-12;10;0;2;0;0;4;0
2020-03-12;11;0;1;0;0;1;0
2020-03-12;12;0;1;0;0;0;0
2020-03-12;13;0;0;0;1;2;1
2020-03-12;14;0;1;0;0;2;1
2020-03-12;15;0;0;0;0;0;1
2020-03-12;16;0;0;0;0;2;0
2020-03-12;17;0;0;0;0;0;0
2020-03-12;18;0;0;0;0;2;0
2020-03-12;19;0;0;0;0;1;0
2020-03-12;20;0;0;0;0;1;0
2020-03-12;21;0;0;0;0;2;0
2020-03-12;22;0;0;0;0;1;0
2020-03-12;23;0;1;0;0;0;0
2020-03-12;24;0;1;0;0;0;1
2020-03-13;1;0;0;1;0;0;0
2020-03-13;2;0;0;1;0;0;0
2020-03-13;3;0;0;1;0;0;0
2020-03-13;4;0;0;1;0;0;0
2020-03-13;5;1;0;1;0;0;1
2020-03-13;6;0;0;1;0;0;0
2020-03-13;7;0;1;1;0;0;1
2020-03-13;8;0;1;1;0;0;1
2020-03-13;9;0;0;0;1;0;1
2020-03-13;10;0;0;0;1;0;1
2020-03-13;11;0;1;1;1;0;n/d
2020-03-13;12;0;1;1;1;0;n/d
2020-03-13;13;0;1;1;1;2;n/d
2020-03-13;14;0;1;1;1;1;n/d
2020-03-13;15;0;0;1;1;0;n/d
2020-03-13;16;0;0;0;1;1;n/d
2020-03-13;17;0;0;0;1;0;n/d
2020-03-13;18;0;0;1;1;0;n/d
2020-03-13;19;0;0;1;1;0;n/d
2020-03-13;20;0;0;1;1;0;n/d
2020-03-13;21;0;0;1;1;0;1
2020-03-13;22;0;0;1;1;0;1
2020-03-13;23;0;1;0;1;0;0
2020-03-13;24;0;1;0;1;0;1
2020-03-14;1;0;1;1;0;0;1
2020-03-14;2;0;2;1;0;0;1
2020-03-14;3;0;0;1;0;0;1
2020-03-14;4;0;1;1;0;0;0
2020-03-14;5;0;1;1;0;0;0
2020-03-14;6;0;1;1;0;0;0
2020-03-14;7;0;2;1;0;0;0
2020-03-14;8;0;1;1;0;0;0
2020-03-14;9;0;1;1;0;0;0
2020-03-14;10;0;1;1;0;0;0
2020-03-14;11;0;2;1;0;0;0
2020-03-14;12;0;0;0;0;0;0
2020-03-14;13;0;0;1;0;0;0
2020-03-14;14;0;0;1;0;0;1
2020-03-14;15;0;0;1;0;0;1
2020-03-14;16;0;0;1;0;0;1
2020-03-14;17;0;0;1;0;0;1
2020-03-14;18;0;0;0;0;0;1
2020-03-14;19;0;0;1;0;0;0
2020-03-14;20;0;0;1;0;0;1
2020-03-14;21;0;0;1;0;0;1
2020-03-14;22;0;0;1;0;0;1
2020-03-14;23;0;1;1;0;0;1
2020-03-14;24;0;0;2;0;0;1
2020-03-15;1;0;0;1;0;0;2
2020-03-15;2;0;1;1;0;0;2
2020-03-15;3;0;2;1;0;0;2
2020-03-15;4;0;2;1;0;0;1
2020-03-15;5;0;2;1;0;0;0
2020-03-15;6;0;2;1;0;0;0
2020-03-15;7;0;0;1;1;0;0
2020-03-15;8;0;1;1;1;0;0
2020-03-15;9;0;2;1;1;0;1
2020-03-15;10;0;2;1;1;0;1
2020-03-15;11;0;1;1;1;0;n/d
2020-03-15;12;0;1;1;1;0;n/d
2020-03-15;13;0;0;2;1;0;n/d
2020-03-15;14;0;0;2;1;0;n/d
2020-03-15;15;0;0;2;1;0;n/d
2020-03-15;16;0;0;2;1;0;n/d
2020-03-15;17;0;0;2;1;0;n/d
2020-03-15;18;0;1;2;1;0;n/d
2020-03-15;19;0;2;2;1;0;n/d
2020-03-15;20;0;2;1;1;1;n/d
2020-03-15;21;0;2;1;1;2;n/d
2020-03-15;22;0;2;1;1;2;n/d
2020-03-15;23;0;1;1;1;1;n/d
2020-03-15;24;0;2;1;1;1;n/d
2020-03-16;1;0;1;0;1;1;n/d
2020-03-16;2;0;0;0;1;1;n/d
2020-03-16;3;0;0;0;1;1;n/d
2020-03-16;4;0;1;0;1;1;n/d
2020-03-16;5;0;3;0;1;1;n/d
2020-03-16;6;0;1;0;1;1;n/d
2020-03-16;7;0;2;0;1;1;n/d
2020-03-16;8;0;2;0;1;1;n/d
2020-03-16;9;n/d;1;0;1;1;n/d
2020-03-16;10;1;1;0;1;1;n/d
2020-03-16;11;0;2;0;1;0;n/d
2020-03-16;12;0;1;0;1;1;n/d
2020-03-16;13;0;1;0;1;1;n/d
2020-03-16;14;0;1;n/d;1;n/d;n/d
2020-03-16;15;0;1;1;1;n/d;n/d
2020-03-16;16;0;1;1;1;n/d;n/d
2020-03-16;17;1;1;1;1;0;n/d
2020-03-16;18;1;2;0;1;1;n/d
2020-03-16;19;0;1;0;1;1;n/d
2020-03-16;20;0;0;0;1;1;n/d
2020-03-16;21;0;1;0;1;1;n/d
2020-03-16;22;0;1;0;1;1;n/d
2020-03-16;23;0;1;0;1;1;n/d
2020-03-16;24;0;1;1;1;1;n/d
2020-03-17;1;0;1;1;0;0;n/d
2020-03-17;2;1;0;0;0;0;n/d
2020-03-17;3;1;0;0;0;0;n/d
2020-03-17;4;0;0;0;0;0;n/d
2020-03-17;5;0;0;1;0;0;n/d
2020-03-17;6;0;1;1;0;0;n/d
2020-03-17;7;0;1;1;0;0;n/d
2020-03-17;8;0;1;1;0;0;n/d
2020-03-17;9;0;1;1;1;0;n/d
2020-03-17;10;0;1;1;1;0;n/d
2020-03-17;11;0;3;1;1;1;n/d
2020-03-17;12;0;1;1;2;1;n/d
2020-03-17;13;0;2;1;2;1;n/d
2020-03-17;14;0;1;2;1;2;n/d
2020-03-17;15;0;1;1;2;2;n/d
2020-03-17;16;0;2;0;3;2;n/d
2020-03-17;17;0;1;0;2;2;n/d
2020-03-17;18;0;1;0;1;2;n/d
2020-03-17;19;0;1;0;1;1;n/d
2020-03-17;20;0;0;0;1;2;n/d
2020-03-17;21;0;0;0;1;2;n/d
2020-03-17;22;0;1;0;1;2;n/d
2020-03-17;23;0;1;0;1;2;n/d
2020-03-17;24;0;2;0;1;2;n/d
2020-03-18;1;0;1;0;1;0;n/d
2020-03-18;2;0;2;0;1;0;n/d
2020-03-18;3;0;1;0;1;0;n/d
2020-03-18;4;0;0;0;1;1;n/d
2020-03-18;5;0;1;0;1;1;n/d
2020-03-18;6;0;1;0;1;2;n/d
2020-03-18;7;0;1;0;1;2;n/d
2020-03-18;8;0;1;0;1;2;n/d
2020-03-18;9;0;0;0;1;2;n/d
2020-03-18;10;0;0;0;2;1;n/d
2020-03-18;11;0;0;0;2;1;n/d
2020-03-18;12;0;0;0;2;2;n/d
2020-03-18;13;0;0;0;2;1;n/d
2020-03-18;14;0;0;0;1;0;n/d
2020-03-18;15;0;0;0;1;0;n/d
2020-03-18;16;0;0;0;1;0;n/d
2020-03-18;17;0;0;0;1;0;n/d
2020-03-18;18;0;1;0;1;0;n/d
2020-03-18;19;0;1;0;1;0;n/d
2020-03-18;20;0;1;0;1;0;n/d
2020-03-18;21;0;1;0;1;1;n/d
2020-03-18;22;0;1;0;1;1;n/d
2020-03-18;23;0;1;0;1;1;n/d
2020-03-18;24;0;0;0;1;1;n/d
2020-03-19;1;0;1;0;1;0;n/d
2020-03-19;2;0;0;0;1;0;n/d
2020-03-19;3;0;2;0;0;0;n/d
2020-03-19;4;0;2;0;0;0;n/d
2020-03-19;5;0;1;0;0;0;n/d
2020-03-19;6;0;1;0;1;0;n/d
2020-03-19;7;0;2;0;0;0;n/d
2020-03-19;8;0;3;0;1;0;n/d
2020-03-19;9;0;2;0;1;1;n/d
2020-03-19;10;0;3;0;3;1;n/d
2020-03-19;11;0;4;0;3;1;n/d
2020-03-19;12;0;2;0;2;1;n/d
2020-03-19;13;0;2;0;2;0;n/d
2020-03-19;14;0;1;0;1;0;n/d
2020-03-19;15;0;1;0;1;0;n/d
2020-03-19;16;0;1;0;1;0;n/d
2020-03-19;17;0;1;0;1;0;n/d
2020-03-19;18;0;2;0;2;1;n/d
2020-03-19;19;0;2;0;1;1;n/d
2020-03-19;20;0;2;0;1;0;n/d
2020-03-19;21;0;2;0;1;0;n/d
2020-03-19;22;0;n/d;0;0;0;n/d
2020-03-19;23;0;0;0;0;0;n/d
2020-03-19;24;0;0;0;0;0;n/d
2020-03-20;1;0;1;0;0;0;n/d
2020-03-20;2;0;1;0;0;0;n/d
2020-03-20;3;0;1;0;0;0;n/d
2020-03-20;4;0;1;0;0;0;n/d
2020-03-20;5;0;3;0;0;0;n/d
2020-03-20;6;0;2;0;0;0;n/d
2020-03-20;7;0;2;0;0;0;n/d
2020-03-20;8;0;2;0;0;0;n/d
2020-03-20;9;0;2;0;1;0;n/d
2020-03-20;10;0;2;0;1;0;n/d
2020-03-20;11;0;2;0;1;0;n/d
2020-03-20;12;0;1;0;1;0;n/d
2020-03-20;13;0;2;0;1;0;n/d
2020-03-20;14;0;1;0;1;0;n/d
2020-03-20;15;0;1;0;1;0;n/d
2020-03-20;16;0;1;0;0;0;n/d
2020-03-20;17;0;1;0;0;0;n/d
2020-03-20;18;0;0;0;0;0;n/d
2020-03-20;19;0;0;0;0;0;n/d
2020-03-20;20;0;1;0;0;0;n/d
2020-03-20;21;0;1;0;0;0;n/d
2020-03-20;22;0;1;0;0;0;n/d
2020-03-20;23;0;1;1;0;0;n/d
2020-03-20;24;0;1;0;0;0;1
2020-03-21;1;0;0;0;0;0;0
2020-03-21;2;0;0;0;0;1;0
2020-03-21;3;0;1;0;0;1;0
2020-03-21;4;0;2;0;0;1;0
2020-03-21;5;0;2;0;0;1;0
2020-03-21;6;0;1;0;0;1;0
2020-03-21;7;0;2;0;0;1;0
2020-03-21;8;0;2;0;0;1;0
2020-03-21;9;0;1;0;1;1;0
2020-03-21;10;0;1;0;1;0;0
2020-03-21;11;0;2;0;2;1;0
2020-03-21;12;0;2;0;2;1;0
2020-03-21;13;0;1;0;1;0;0
2020-03-21;14;0;0;0;1;0;0
2020-03-21;15;0;1;0;1;1;0
2020-03-21;16;0;0;0;1;1;0
2020-03-21;17;0;0;0;0;1;0
2020-03-21;18;0;0;0;0;1;0
2020-03-21;19;0;1;0;0;0;0
2020-03-21;20;0;2;0;0;0;0
2020-03-21;21;0;1;0;1;0;0
2020-03-21;22;0;1;0;1;0;0
2020-03-21;23;0;2;0;0;1;0
2020-03-21;24;0;1;0;0;1;0
2020-03-22;1;0;0;2;1;0;0
2020-03-22;2;0;1;2;1;1;0
2020-03-22;3;0;2;2;1;0;0
2020-03-22;4;0;2;2;1;0;0
2020-03-22;5;0;2;2;1;1;0
2020-03-22;6;0;2;2;1;0;0
2020-03-22;7;0;1;1;1;0;0
2020-03-22;8;0;1;2;1;1;0
2020-03-22;9;0;1;2;1;1;0
2020-03-22;10;0;2;2;1;1;0
2020-03-22;11;0;2;2;1;0;0
2020-03-22;12;0;2;1;1;0;0
2020-03-22;13;0;0;1;1;0;1
2020-03-22;14;0;1;1;1;0;2
2020-03-22;15;0;1;1;1;0;1
2020-03-22;16;0;1;1;1;0;1
2020-03-22;17;0;0;1;1;1;2
2020-03-22;18;0;0;2;1;0;1
2020-03-22;19;1;2;2;1;1;0
2020-03-22;20;1;1;2;1;1;0
2020-03-22;21;1;0;1;1;1;0
2020-03-22;22;1;1;2;1;1;0
2020-03-22;23;1;2;1;1;1;0
2020-03-22;24;1;2;1;1;1;1
2020-03-23;1;1;0;2;1;1;1
2020-03-23;2;1;0;2;1;1;1
2020-03-23;3;1;0;2;1;1;1
2020-03-23;4;1;0;2;1;1;1
2020-03-23;5;1;0;1;1;1;0
2020-03-23;6;0;0;1;1;1;0
2020-03-23;7;1;0;1;1;1;0
2020-03-23;8;1;0;1;1;1;0
2020-03-23;9;1;0;1;1;1;0
2020-03-23;10;0;0;1;1;1;1
2020-03-23;11;0;n/d;0;1;1;1
2020-03-23;12;0;n/d;0;1;1;1
2020-03-23;13;1;0;0;1;1;3
2020-03-23;14;0;0;0;1;1;3
2020-03-23;15;0;0;0;1;1;4
2020-03-23;16;1;0;0;1;1;4
2020-03-23;17;0;0;0;1;1;4
2020-03-23;18;0;0;0;1;2;4
2020-03-23;19;0;0;1;1;1;4
2020-03-23;20;1;0;0;1;1;2
2020-03-23;21;1;0;2;1;1;1
2020-03-23;22;1;0;1;1;1;0
2020-03-23;23;1;0;0;1;1;0
2020-03-23;24;0;0;0;1;1;1
2020-03-24;1;1;1;2;1;1;2
2020-03-24;2;1;1;4;1;1;3
2020-03-24;3;1;1;2;1;1;2
2020-03-24;4;1;1;2;1;0;2
2020-03-24;5;1;1;1;1;0;0
2020-03-24;6;1;1;2;1;1;0
2020-03-24;7;1;2;4;1;0;0
2020-03-24;8;1;1;2;1;1;0
2020-03-24;9;1;2;2;1;1;1
2020-03-24;10;1;2;1;1;0;n/d
2020-03-24;11;0;1;1;1;0;n/d
2020-03-24;12;1;1;1;1;0;n/d
2020-03-24;13;2;1;0;1;0;n/d
2020-03-24;14;1;0;0;1;1;n/d
2020-03-24;15;0;0;0;1;0;n/d
2020-03-24;16;1;0;0;1;0;n/d
2020-03-24;17;0;1;0;1;1;n/d
2020-03-24;18;0;1;0;1;0;n/d
2020-03-24;19;1;0;0;1;0;n/d
2020-03-24;20;1;1;0;1;1;n/d
2020-03-24;21;1;1;0;1;1;n/d
2020-03-24;22;1;0;0;1;1;n/d
2020-03-24;23;1;1;0;1;1;n/d
2020-03-24;24;1;1;0;1;1;0
2020-03-25;1;1;1;2;1;0;0
2020-03-25;2;1;1;3;1;1;0
2020-03-25;3;1;0;3;1;1;0
2020-03-25;4;1;0;3;1;1;0
2020-03-25;5;1;0;3;1;1;n/d
2020-03-25;6;1;0;3;2;1;n/d
2020-03-25;7;1;0;3;1;2;0
2020-03-25;8;1;0;3;1;2;0
2020-03-25;9;1;0;2;2;2;0
2020-03-25;10;1;1;1;5;2;0
2020-03-25;11;1;8;5;12;2;0
2020-03-25;12;1;5;5;6;1;0
2020-03-25;13;1;2;3;4;2;0
2020-03-25;14;1;2;2;2;1;2
2020-03-25;15;0;0;2;3;1;3
2020-03-25;16;1;0;2;2;1;3
2020-03-25;17;1;0;2;1;1;5
2020-03-25;18;1;0;2;1;1;4
2020-03-25;19;1;0;2;2;1;9
2020-03-25;20;1;0;3;2;1;7
2020-03-25;21;1;4;2;4;1;3
2020-03-25;22;2;1;3;3;2;2
2020-03-25;23;1;1;3;2;1;1
2020-03-25;24;1;2;3;2;1;0
2020-03-26;1;1;0;2;7;1;0
2020-03-26;2;1;0;1;8;1;0
2020-03-26;3;1;1;1;10;1;0
2020-03-26;4;1;3;1;8;1;0
2020-03-26;5;1;0;1;11;1;0
2020-03-26;6;1;0;1;15;1;0
2020-03-26;7;1;0;1;11;2;0
2020-03-26;8;1;0;1;10;2;0
2020-03-26;9;1;0;1;3;2;0
2020-03-26;10;1;0;0;3;1;0
2020-03-26;11;1;0;1;3;1;0
2020-03-26;12;1;0;0;2;1;0
2020-03-26;13;1;0;0;2;1;0
2020-03-26;14;1;0;0;1;0;0
2020-03-26;15;1;0;0;2;1;1
2020-03-26;16;1;0;0;2;1;2
2020-03-26;17;1;0;0;1;1;2
2020-03-26;18;1;0;0;1;1;1
2020-03-26;19;1;0;1;1;1;1
2020-03-26;20;1;0;1;1;1;0
2020-03-26;21;1;0;0;5;1;0
2020-03-26;22;1;0;0;2;1;0
2020-03-26;23;1;0;1;2;2;1
2020-03-26;24;0;0;1;2;2;1
2020-03-27;1;1;1;2;2;2;0
2020-03-27;2;0;1;3;2;1;1
2020-03-27;3;0;0;2;2;2;1
2020-03-27;4;0;0;3;2;2;n/d
2020-03-27;5;1;0;3;1;1;n/d
2020-03-27;6;0;1;3;1;1;n/d
2020-03-27;7;1;1;2;1;1;n/d
2020-03-27;8;1;1;3;1;2;n/d
2020-03-27;9;1;1;3;2;2;n/d
2020-03-27;10;1;2;3;2;2;n/d
2020-03-27;11;1;2;3;n/d;3;n/d
2020-03-27;12;1;3;3;n/d;3;n/d
2020-03-27;13;1;2;3;2;2;n/d
2020-03-27;14;1;1;3;2;2;n/d
2020-03-27;15;1;1;3;2;2;n/d
2020-03-27;16;1;1;3;2;2;n/d
2020-03-27;17;1;1;3;2;2;n/d
2020-03-27;18;1;1;4;2;2;n/d
2020-03-27;19;1;0;3;2;2;n/d
2020-03-27;20;1;0;4;2;2;n/d
2020-03-27;21;0;1;4;2;2;n/d
2020-03-27;22;1;0;4;2;3;n/d
2020-03-27;23;0;1;4;2;3;n/d
2020-03-27;24;0;2;4;1;2;n/d
2020-03-28;1;1;0;2;0;2;n/d
2020-03-28;2;0;0;2;0;2;n/d
2020-03-28;3;1;1;2;0;2;n/d
2020-03-28;4;0;1;2;0;2;n/d
2020-03-28;5;0;1;2;0;2;n/d
2020-03-28;6;0;2;2;0;1;n/d
2020-03-28;7;1;1;2;0;2;n/d
2020-03-28;8;1;1;3;0;2;n/d
2020-03-28;9;2;1;4;0;2;n/d
2020-03-28;10;2;3;3;1;2;n/d
2020-03-28;11;2;3;3;2;3;n/d
2020-03-28;12;2;4;3;2;4;n/d
2020-03-28;13;2;4;4;2;3;n/d
2020-03-28;14;1;2;4;2;3;n/d
2020-03-28;15;2;2;4;2;3;n/d
2020-03-28;16;2;2;4;2;4;n/d
2020-03-28;17;2;3;4;2;4;n/d
2020-03-28;18;2;3;4;2;4;n/d
2020-03-28;19;2;2;5;1;3;n/d
2020-03-28;20;2;1;4;0;3;n/d
2020-03-28;21;2;0;3;0;2;n/d
2020-03-28;22;1;0;3;0;2;n/d
2020-03-28;23;1;0;3;0;2;1
2020-03-28;24;1;1;3;0;2;0
2020-03-29;1;1;0;0;0;1;0
2020-03-29;2;0;0;1;0;1;0
2020-03-29;3;0;0;1;0;1;0
2020-03-29;4;0;0;1;1;1;0
2020-03-29;5;0;0;1;1;0;0
2020-03-29;6;0;0;1;1;1;0
2020-03-29;7;0;0;1;1;1;0
2020-03-29;8;1;0;1;1;1;0
2020-03-29;9;0;0;0;1;1;0
2020-03-29;10;0;0;0;0;0;0
2020-03-29;11;0;0;0;0;0;n/d
2020-03-29;12;0;0;0;0;0;n/d
2020-03-29;13;0;0;0;0;0;n/d
2020-03-29;14;0;0;0;0;0;n/d
2020-03-29;15;0;0;0;0;0;n/d
2020-03-29;16;0;0;0;0;0;n/d
2020-03-29;17;0;0;0;0;0;n/d
2020-03-29;18;0;0;0;0;1;n/d
2020-03-29;19;0;0;0;0;0;n/d
2020-03-29;20;0;0;0;0;0;n/d
2020-03-29;21;0;0;0;0;0;0
2020-03-29;22;0;0;0;1;0;0
2020-03-29;23;0;0;0;1;0;2
2020-03-29;24;0;0;0;1;0;2
2020-03-30;1;0;0;1;0;2;1
2020-03-30;2;0;0;1;0;1;0
2020-03-30;3;0;0;1;0;2;0
2020-03-30;4;0;0;1;0;2;0
2020-03-30;5;1;0;1;0;2;0
2020-03-30;6;1;0;1;0;1;0
2020-03-30;7;1;0;0;1;2;0
2020-03-30;8;1;2;1;1;2;n/d
2020-03-30;9;1;1;0;2;2;n/d
2020-03-30;10;1;0;0;4;2;0
2020-03-30;11;0;0;0;4;2;0
2020-03-30;12;0;1;0;3;1;0
2020-03-30;13;0;1;0;2;1;0
2020-03-30;14;0;0;0;1;1;0
2020-03-30;15;0;0;0;2;1;0
2020-03-30;16;0;2;0;3;1;0
2020-03-30;17;0;1;0;2;1;0
2020-03-30;18;0;0;0;5;1;0
2020-03-30;19;1;3;0;3;1;0
2020-03-30;20;1;4;0;1;1;0
2020-03-30;21;0;7;0;0;2;0
2020-03-30;22;0;6;0;0;1;0
2020-03-30;23;0;8;0;0;1;0
2020-03-30;24;0;5;0;0;1;0
2020-03-31;1;0;3;2;0;0;0
2020-03-31;2;0;3;2;0;0;1
2020-03-31;3;0;5;2;0;0;0
2020-03-31;4;0;4;2;0;0;0
2020-03-31;5;0;2;2;0;0;0
2020-03-31;6;0;2;2;1;0;0
2020-03-31;7;0;5;2;1;0;0
2020-03-31;8;1;6;2;1;0;0
2020-03-31;9;0;3;2;3;0;0
2020-03-31;10;1;2;3;3;0;1
2020-03-31;11;0;2;3;2;0;2
2020-03-31;12;0;2;2;5;1;3
2020-03-31;13;0;2;3;3;0;4
2020-03-31;14;0;1;3;2;0;4
2020-03-31;15;0;0;3;1;0;4
2020-03-31;16;0;1;3;2;0;5
2020-03-31;17;0;1;2;3;0;5
2020-03-31;18;0;1;3;2;0;5
2020-03-31;19;0;1;3;3;0;5
2020-03-31;20;0;1;3;4;0;5
2020-03-31;21;0;1;2;8;0;5
2020-03-31;22;0;1;3;15;1;4
2020-03-31;23;0;1;3;4;1;1
2020-03-31;24;0;2;4;3;1;0
2020-04-01;1;0;1;3;2;0;0
2020-04-01;2;0;0;3;2;0;0
2020-04-01;3;0;0;3;3;0;0
2020-04-01;4;0;2;3;11;1;0
2020-04-01;5;0;3;3;8;1;0
2020-04-01;6;0;3;3;5;1;0
2020-04-01;7;0;3;3;7;1;0
2020-04-01;8;0;2;3;10;2;0
2020-04-01;9;0;2;3;12;1;0
2020-04-01;10;0;3;2;14;1;0
2020-04-01;11;0;1;2;4;1;0
2020-04-01;12;0;1;2;3;0;0
2020-04-01;13;0;0;2;2;0;0
2020-04-01;14;0;2;1;2;0;n/d
2020-04-01;15;0;0;1;1;0;n/d
2020-04-01;16;0;0;1;1;1;n/d
2020-04-01;17;0;0;1;1;0;n/d
2020-04-01;18;0;0;2;1;1;n/d
2020-04-01;19;0;0;3;2;2;n/d
2020-04-01;20;0;0;3;2;1;n/d
2020-04-01;21;0;0;3;2;1;n/d
2020-04-01;22;1;0;3;2;1;n/d
2020-04-01;23;1;1;1;2;0;3
2020-04-01;24;1;1;2;2;1;4
2020-04-02;1;1;0;0;2;0;3
2020-04-02;2;1;1;1;2;0;2
2020-04-02;3;1;0;1;1;0;1
2020-04-02;4;1;1;1;1;0;1
2020-04-02;5;0;1;1;1;0;1
2020-04-02;6;0;2;1;1;0;6
2020-04-02;7;1;2;2;1;0;3
2020-04-02;8;1;1;2;2;0;2
2020-04-02;9;2;1;2;2;1;3
2020-04-02;10;1;1;1;2;1;1
2020-04-02;11;1;1;1;1;0;0
2020-04-02;12;0;1;1;1;0;0
2020-04-02;13;0;2;0;1;0;1
2020-04-02;14;0;0;0;1;0;1
2020-04-02;15;0;0;0;1;0;2
2020-04-02;16;0;0;0;2;0;3
2020-04-02;17;0;0;0;2;0;3
2020-04-02;18;0;0;0;2;0;2
2020-04-02;19;0;0;0;2;0;1
2020-04-02;20;0;2;0;2;0;1
2020-04-02;21;0;1;1;2;1;0
2020-04-02;22;0;1;1;2;3;1
2020-04-02;23;0;3;1;1;2;0
2020-04-02;24;0;3;1;1;1;0
2020-04-03;1;0;0;0;0;2;2
2020-04-03;2;0;0;0;0;2;2
2020-04-03;3;0;0;0;0;6;0
2020-04-03;4;0;2;0;0;7;0
2020-04-03;5;0;3;0;0;6;0
2020-04-03;6;0;4;0;0;6;0
2020-04-03;7;0;4;1;0;7;0
2020-04-03;8;1;4;1;1;6;0
2020-04-03;9;1;2;1;1;4;0
2020-04-03;10;1;1;1;1;3;0
2020-04-03;11;0;1;1;2;5;1
2020-04-03;12;0;1;2;2;4;2
2020-04-03;13;0;2;1;1;4;3
2020-04-03;14;0;1;2;1;4;4
2020-04-03;15;0;1;2;1;2;5
2020-04-03;16;0;1;2;1;2;n/d
2020-04-03;17;0;1;1;0;2;n/d
2020-04-03;18;0;1;2;0;2;4
2020-04-03;19;0;1;2;1;2;3
2020-04-03;20;0;1;3;0;2;3
2020-04-03;21;0;1;2;1;2;2
2020-04-03;22;0;2;2;1;2;2
2020-04-03;23;0;1;2;1;2;8
2020-04-03;24;0;1;2;0;2;5
2020-04-04;1;0;1;0;1;0;1
2020-04-04;2;0;1;0;1;0;0
2020-04-04;3;0;2;0;1;0;0
2020-04-04;4;0;1;0;1;0;0
2020-04-04;5;0;1;0;0;0;0
2020-04-04;6;0;1;0;1;0;0
2020-04-04;7;0;1;1;1;0;0
2020-04-04;8;0;1;1;1;1;0
2020-04-04;9;0;2;1;2;1;0
2020-04-04;10;0;3;1;2;1;0
2020-04-04;11;0;1;1;1;1;1
2020-04-04;12;0;0;1;1;0;2
2020-04-04;13;0;0;1;1;0;n/d
2020-04-04;14;0;0;1;1;0;n/d
2020-04-04;15;0;0;1;1;0;n/d
2020-04-04;16;0;0;1;1;0;n/d
2020-04-04;17;0;0;1;1;0;n/d
2020-04-04;18;0;0;1;1;0;n/d
2020-04-04;19;0;0;2;1;1;n/d
2020-04-04;20;0;0;2;1;1;n/d
2020-04-04;21;0;0;1;1;1;n/d
2020-04-04;22;0;0;2;1;1;1
2020-04-04;23;0;0;2;1;0;n/d
2020-04-04;24;0;0;1;1;0;n/d
